m0,g2,eta,ns,nlev,eigsh_ok,E0,M,Epi,W,WM,m_curv,m_curv_over_M,curv0,vg_max,vg_k5,vg_k5_cs,Ek5,Wfine,c_k5,rel_rms,band_ok,n_fail,frac_min,M2min,M2_k0,M2_kpi,M2_orient,gap_M2,gap_M2_k5,int_gap,twoM,MMp,margin,margin_k,n_Mstar,Mstar,Mstar_parity,Mstar_even,L_mean,L_mean_vac,L_rms,size_rms_raw,size_rms,size_mean,size_excess,vac_dom_weight,xi,xi_fit_ok,x_mean,gate_band,gate_margin,gate_size,gate_xi,gate_M2,feasible,rank,runtime,E1_0,E1_1,E1_2,E1_3,E1_4,E2_0,E2_1,E2_2,E2_3,E2_4
0.4,1.4,2.3,16,60,1,-20.7556,2.77523,3.78085,1.00562,2.79082,2.76818,0.997459,0.361249,0.429184,0.366277,0.367361,3.03154,1.28689,0.970816,0.070955,1,0,0.770948,3.78085,4.06212,3.78085,inverted,0.281269,1.03379,2.08284,5.55046,6.83734,2.52681,3.14159,0,nan,nan,nan,2.45451,1.46714,2.68636,1.34318,0.989744,0.493683,0.493683,0.189257,0.372814,1,nan,1,1,1,1,1,1,1,25.855,2.775228,2.881956,3.153829,3.486499,3.780846,4.062115,4.066705,4.055770,3.974025,3.780846
0.5,1.4,2.3,16,60,1,-21.2743,2.95738,3.91227,0.954894,2.82398,2.98634,1.00979,0.334858,0.408364,0.343733,0.344738,3.19647,1.25429,0.965259,0.0653595,1,0,0.797907,3.91227,4.21167,3.91227,inverted,0.299395,1.00986,2.1576,5.91476,7.16905,2.71082,3.14159,1,5.90418,1,5.90418,2.35148,1.36415,2.58005,1.29002,0.963506,0.493662,0.493662,0.215434,0.353414,1,nan,1,1,1,1,1,1,2,26.3169,2.957381,3.056580,3.311548,3.627735,3.912274,4.211669,4.212561,4.193210,4.104723,3.912274
0.3,1.4,2.3,16,60,1,-20.258,2.59392,3.65418,1.06026,2.75023,2.55481,0.984921,0.391419,0.451684,0.391148,0.392332,2.86957,1.31804,0.976559,0.0773312,1,0,0.739228,3.65418,3.91196,3.65418,inverted,0.257779,1.05586,1.99924,5.18785,6.50588,2.34534,3.14159,0,nan,nan,nan,2.56683,1.57946,2.80149,1.40075,1.01752,0.493687,0.493687,0.163972,0.394841,1,nan,1,1,1,1,1,1,3,33.8294,2.593923,2.709191,2.999761,3.350001,3.654180,3.911959,3.920974,3.920204,3.847044,3.654180
0.7,1.1,2.3,16,60,1,-20.3434,3.02274,3.9798,0.957067,2.89296,2.97268,0.983441,0.336397,0.410893,0.346077,0.347037,3.26321,1.19232,0.978393,0.0597964,1,0,0.735427,3.9798,4.21506,3.9798,inverted,0.235254,0.967155,1.82876,6.04547,7.23779,2.77841,3.14159,1,5.74312,-1,nan,2.34508,1.31969,2.57975,1.28988,0.981656,0.512698,0.512698,0.22822,0.350804,1,nan,1,1,1,1,1,1,4,28.6036,3.022736,3.122445,3.379108,3.697233,3.979803,4.215056,4.224616,4.226681,4.160266,3.979803
0.6,1.4,2.3,16,60,1,-21.8125,3.14034,4.04816,0.907826,2.85088,3.20906,1.02188,0.311618,0.389089,0.323276,0.324216,3.36403,1.22098,0.959896,0.0604092,1,0,0.820946,4.04816,4.36132,4.04816,inverted,0.313155,0.9848,2.22404,6.28067,7.50165,2.89688,3.14159,1,6.25854,-1,nan,2.25699,1.26972,2.48187,1.24093,0.938758,0.493637,0.493637,0.242206,0.336213,1,nan,1,1,1,1,1,1,5,61.5954,3.140335,3.232861,3.472522,3.773290,4.048161,4.361316,4.359103,4.332784,4.239063,4.048161
0.6,1.1,2.3,16,60,1,-19.8153,2.83877,3.84611,1.00734,2.8596,2.75999,0.972247,0.362321,0.431769,0.368399,0.369433,3.09622,1.22099,0.983675,0.0648683,1,0,0.706267,3.84611,4.05976,3.84611,inverted,0.213652,0.988301,1.78758,5.67754,6.89853,2.59245,3.14159,1,5.56282,-1,nan,2.44636,1.41922,2.68447,1.34224,1.00873,0.513572,0.513572,0.20165,0.369802,1,nan,1,1,1,1,1,1,6,28.4095,2.838769,2.945885,3.219276,3.553846,3.846106,4.059758,4.073366,4.084900,4.026559,3.846106
0.2,1.4,2.3,16,60,1,-19.7834,2.41351,3.53258,1.11907,2.70088,2.34646,0.972217,0.426174,0.476007,0.418604,0.419918,2.71096,1.34671,0.982474,0.0846663,1,0,0.701636,3.53258,3.76023,3.53258,inverted,0.227648,1.0751,1.90655,4.82703,6.17374,2.16703,3.14159,0,nan,nan,nan,2.68925,1.70194,2.9262,1.4631,1.04686,0.493654,0.493654,0.139882,0.420034,1,nan,1,1,1,1,1,1,7,29.8959,2.413513,2.538526,2.849804,3.218697,3.532579,3.760227,3.774583,3.786109,3.723794,3.532579
0.7,1.4,2.3,16,60,1,-22.3685,3.32405,4.1882,0.864152,2.87249,3.4361,1.03371,0.291027,0.371233,0.304682,0.30557,3.53394,1.1875,0.954734,0.0560001,1,0,0.840726,4.1882,4.51155,4.1882,inverted,0.32335,0.959158,2.28281,6.6481,7.83561,3.0846,3.14159,1,6.45435,-1,nan,2.17034,1.1831,2.39118,1.19559,0.915445,0.493618,0.493618,0.269299,0.320873,1,nan,1,1,1,1,1,1,8,43.0594,3.324052,3.410633,3.636405,3.922779,4.188205,4.511555,4.506730,4.474650,4.376935,4.188205
0.3,1.1,2.2,16,60,1,-17.9204,2.26474,3.36617,1.10142,2.49444,2.34528,1.03556,0.426388,0.470085,0.416141,0.417421,2.56136,1.24391,0.952104,0.108525,1,0,0.627792,3.36617,3.50866,3.36617,inverted,0.14249,0.996663,1.62466,4.52949,5.7734,2.02577,-2.35619,0,nan,nan,nan,2.74597,1.72329,2.98936,1.49468,1.07985,0.511341,0.511341,0.136622,0.431071,1,nan,1,1,1,1,1,1,9,23.8973,2.264744,2.389637,2.699191,3.063062,3.366168,3.508657,3.532715,3.569429,3.536436,3.366168
0.5,1.1,2.3,16,60,1,-19.3075,2.65556,3.71701,1.06145,2.81875,2.55172,0.960898,0.391892,0.454293,0.392997,0.394124,2.93205,1.24837,0.989108,0.0706584,1,0,0.673312,3.71701,3.90393,3.71701,inverted,0.186914,1.00764,1.74053,5.31112,6.55948,2.40886,3.14159,0,nan,nan,nan,2.5568,1.5279,2.79793,1.39896,1.03742,0.51445,0.51445,0.175823,0.391353,1,nan,1,1,1,1,1,1,10,34.9768,2.655560,2.771062,3.062933,3.415029,3.717011,3.903925,3.922228,3.944848,3.896391,3.717011
0.4,1.1,2.2,16,60,1,-18.392,2.44635,3.48732,1.04097,2.54657,2.5662,1.04899,0.389681,0.444829,0.387585,0.388725,2.72011,1.21942,0.946399,0.0982831,1,0,0.669697,3.48732,3.66577,3.48732,inverted,0.178456,0.981181,1.68848,4.8927,6.11212,2.21064,3.14159,0,nan,nan,nan,2.61413,1.59284,2.8552,1.4276,1.04744,0.510645,0.510645,0.161722,0.403348,1,nan,1,1,1,1,1,1,11,28.0443,2.446348,2.560986,2.848975,3.193707,3.487315,3.665771,3.683894,3.706653,3.660614,3.487315
0.4,1.1,2.3,16,60,1,-18.8219,2.47316,3.59282,1.11966,2.76909,2.34808,0.949425,0.42588,0.478599,0.420127,0.421375,2.77108,1.27367,0.99468,0.0773336,1,0,0.635987,3.59282,3.74683,3.59282,inverted,0.154014,1.02434,1.6868,4.94632,6.21999,2.22751,-2.35619,0,nan,nan,nan,2.67724,1.64662,2.92089,1.46045,1.06777,0.51531,0.51531,0.151041,0.415979,1,nan,1,1,1,1,1,1,12,32.2329,2.473158,2.598211,2.910528,3.281229,3.592817,3.746831,3.770610,3.806211,3.769793,3.592817
0.3,1.1,2.3,16,60,1,-18.3605,2.29162,3.47381,1.18219,2.70914,2.14923,0.937866,0.465282,0.50483,0.450054,0.451459,2.61378,1.29584,1.00037,0.0851179,1,0,0.593516,3.47381,3.58746,3.47381,inverted,0.113648,1.03735,1.62552,4.58324,5.87908,2.03727,-2.35619,0,nan,nan,nan,2.80854,1.7763,3.05419,1.52709,1.09984,0.516121,0.516121,0.12761,0.444359,1,nan,1,1,1,1,1,1,13,22.9726,2.291621,2.427623,2.762581,3.152930,3.473815,3.587462,3.617717,3.668534,3.646734,3.473815
0.5,1.1,2.2,16,60,1,-18.8881,2.62884,3.61377,0.984925,2.58921,2.79259,1.06229,0.35809,0.421514,0.361817,0.362851,2.88247,1.19217,0.940837,0.0894792,1,0,0.706084,3.61377,3.82101,3.61377,inverted,0.207246,0.962395,1.74425,5.25768,6.44985,2.39256,3.14159,0,nan,nan,nan,2.49368,1.47386,2.73186,1.36593,1.01685,0.509909,0.509909,0.188154,0.379336,1,nan,1,1,1,1,1,1,14,28.1379,2.628841,2.734558,3.003161,3.329868,3.613765,3.821012,3.834144,3.845150,3.788548,3.613765
0.7,1.4,2.4,16,60,1,-22.7573,3.35232,4.28458,0.932263,3.12524,3.14318,0.937615,0.318149,0.40007,0.331164,0.332119,3.5811,1.25293,1.00225,0.0432852,1,0,0.818853,4.28458,4.60524,4.28458,inverted,0.320663,1.01218,2.27552,6.70463,7.95756,3.10005,3.14159,1,6.53493,-1,nan,2.22632,1.23326,2.45082,1.22541,0.933559,0.496526,0.496526,0.253384,0.330607,1,nan,1,1,1,1,1,1,15,57.143,3.352316,3.446851,3.692314,4.001399,4.284579,4.605242,4.603353,4.577112,4.481206,4.284579
0.6,1.4,2.4,16,60,1,-22.2112,3.16879,4.14684,0.978048,3.09923,2.93814,0.927212,0.340351,0.418849,0.350916,0.35193,3.41235,1.28571,1.0075,0.04648,1,0,0.797443,4.14684,4.4545,4.14684,inverted,0.307658,1.03706,2.21834,6.33758,7.62329,2.91306,3.14159,0,nan,nan,nan,2.31389,1.32052,2.54208,1.27104,0.956908,0.496681,0.496681,0.227551,0.346378,1,nan,1,1,1,1,1,1,16,53.6182,3.168791,3.269716,3.529948,3.854081,4.146839,4.454497,4.455599,4.436066,4.345139,4.146839
0.2,1.4,2.2,16,60,1,-19.3488,2.38411,3.42592,1.04181,2.48379,2.56123,1.07429,0.390438,0.443114,0.386717,0.387918,2.6578,1.28606,0.934792,0.106507,1,0,0.731417,3.42592,3.67018,3.42592,inverted,0.244254,1.02736,1.9017,4.76822,6.05429,2.14665,3.14159,0,nan,nan,nan,2.62962,1.64921,2.86444,1.43222,1.02885,0.490205,0.490205,0.149707,0.407669,1,nan,1,1,1,1,1,1,17,23.8746,2.384112,2.498859,2.786288,3.129864,3.425922,3.670175,3.679756,3.680937,3.611970,3.425922
0.6,1.1,2.2,16,60,1,-19.4063,2.81216,3.74519,0.933029,2.62383,3.02422,1.07541,0.330664,0.399989,0.338552,0.339504,3.04796,1.1632,0.935434,0.0818343,1,0,0.737815,3.74519,3.97536,3.74519,inverted,0.230166,0.94135,1.79286,5.62433,6.78752,2.57725,3.14159,1,5.48229,-1,nan,2.38366,1.36533,2.61844,1.30922,0.988041,0.509165,0.509165,0.21557,0.358361,1,nan,1,1,1,1,1,1,18,26.5648,2.812164,2.910070,3.161219,3.471036,3.745194,3.975359,3.984251,3.985348,3.920237,3.745194
0.5,1.4,2.4,16,60,1,-21.683,2.98601,4.01324,1.02723,3.06732,2.73699,0.916605,0.365365,0.439059,0.372578,0.373665,3.246,1.31801,1.01294,0.050066,1,0,0.772735,4.01324,4.30401,4.01324,inverted,0.290775,1.06106,2.15391,5.97201,7.29002,2.72786,3.14159,0,nan,nan,nan,2.40904,1.41535,2.64056,1.32028,0.981618,0.49684,0.49684,0.202146,0.364036,1,nan,1,1,1,1,1,1,19,57.4153,2.986005,3.094087,3.370547,3.710735,4.013238,4.304013,4.308632,4.297097,4.212499,4.013238
0.7,1.1,2.2,16,60,1,-19.945,2.99627,3.88127,0.885002,2.6517,3.26085,1.08831,0.306668,0.380112,0.317522,0.318408,3.21621,1.13325,0.930202,0.0751384,1,0,0.765552,3.88127,4.12952,3.88127,inverted,0.248246,0.918845,1.8352,5.99254,7.12578,2.76413,3.14159,1,5.66452,-1,nan,2.28316,1.2663,2.51411,1.25705,0.960947,0.508432,0.508432,0.243629,0.339899,1,nan,1,1,1,1,1,1,20,40.3662,2.996268,3.087291,3.322700,3.616745,3.881270,4.129516,4.134788,4.127534,4.055616,3.881270
0.3,1.4,2.2,16,60,1,-19.8338,2.56464,3.54975,0.985108,2.52645,2.79279,1.08896,0.358065,0.419765,0.36059,0.361676,2.8178,1.25535,0.928913,0.096897,1,0,0.767172,3.54975,3.81998,3.54975,inverted,0.270237,1.00608,1.99782,5.12928,6.38462,2.32629,3.14159,0,nan,nan,nan,2.50688,1.52613,2.73906,1.36953,0.99921,0.490376,0.490376,0.175459,0.383039,1,nan,1,1,1,1,1,1,21,30.4442,2.564638,2.670265,2.938020,3.263497,3.549747,3.819984,3.824770,3.814965,3.736592,3.549747
0.4,1.4,2.4,16,60,1,-21.1743,2.804,3.88405,1.08006,3.02848,2.53992,0.905821,0.393713,0.460821,0.396365,0.39754,3.08232,1.34925,1.01856,0.0541247,1,0,0.74411,3.88405,4.15325,3.88405,inverted,0.269198,1.0836,2.0816,5.608,6.95725,2.54485,3.14159,0,nan,nan,nan,2.51241,1.51842,2.74687,1.37343,1.00773,0.496993,0.496993,0.177423,0.383921,1,nan,1,1,1,1,1,1,22,28.2913,2.803998,2.920135,3.214454,3.571733,3.884054,4.153252,4.162017,4.160014,4.083367,3.884054
0.4,1.4,2.2,16,60,1,-20.3418,2.74609,3.67873,0.932636,2.5611,3.03001,1.10339,0.330032,0.398244,0.337026,0.338025,2.9811,1.22262,0.923227,0.0885454,1,0,0.797001,3.67873,3.96871,3.67873,inverted,0.289986,0.982408,2.08444,5.49218,6.7148,2.5089,3.14159,0,nan,nan,nan,2.39471,1.41368,2.6237,1.31185,0.97125,0.490515,0.490515,0.202365,0.361547,1,nan,1,1,1,1,1,1,23,35.0826,2.746090,2.843747,3.093813,3.402329,3.678725,3.968711,3.969563,3.950799,3.865145,3.678725
0.3,1.4,2.4,16,60,1,-20.6867,2.62281,3.75957,1.13676,2.98149,2.34712,0.894888,0.426053,0.484262,0.422506,0.423795,2.92166,1.37867,1.02434,0.0587642,1,0,0.710781,3.75957,4.00148,3.75957,inverted,0.24191,1.10389,2.00088,5.24562,6.62429,2.36456,3.14159,0,nan,nan,nan,2.6247,1.63045,2.86164,1.43082,1.0353,0.497124,0.497124,0.153646,0.40646,1,nan,1,1,1,1,1,1,24,41.1259,2.622812,2.748063,3.062064,3.437475,3.759567,4.001477,4.015155,4.024521,3.957786,3.759567
0.7,1.1,2.4,16,60,1,-20.7475,3.04883,4.0796,1.03077,3.14264,2.72201,0.892806,0.367375,0.442449,0.375535,0.376572,3.3106,1.24933,1.02673,0.0451054,1,0,0.704738,4.0796,4.29816,4.0796,inverted,0.218566,1.01375,1.82293,6.09766,7.34699,2.79275,3.14159,1,5.82179,-1,nan,2.40538,1.37118,2.64346,1.32173,1.00187,0.517101,0.517101,0.214207,0.361584,1,nan,1,1,1,1,1,1,25,27.6588,3.048830,3.157569,3.436173,3.778909,4.079598,4.298164,4.312458,4.325033,4.265475,4.079598
0.2,1.4,2.4,16,60,1,-20.2219,2.44249,3.64005,1.19755,2.92502,2.15877,0.883839,0.463226,0.509513,0.451245,0.452679,2.76441,1.40517,1.03028,0.0641294,1,0,0.671703,3.64005,3.84766,3.64005,inverted,0.207614,1.12096,1.91147,4.88499,6.29016,2.18355,-2.35619,0,nan,nan,nan,2.74662,1.7522,2.98555,1.49277,1.06433,0.497212,0.497212,0.131083,0.432194,1,nan,1,1,1,1,1,1,26,26.6598,2.442495,2.578118,2.913832,3.308397,3.640048,3.847662,3.867232,3.890179,3.835741,3.640048
0.6,1.1,2.4,16,60,1,-20.2294,2.86498,3.94816,1.08318,3.10329,2.52994,0.883057,0.395267,0.464284,0.399122,0.400243,3.14484,1.27659,1.03204,0.0487555,1,0,0.674509,3.94816,4.14157,3.94816,inverted,0.193413,1.03338,1.7829,5.72995,7.00655,2.60775,3.14159,1,5.64315,-1,nan,2.50722,1.47102,2.74839,1.37419,1.02888,0.518098,0.518098,0.189053,0.3811,1,nan,1,1,1,1,1,1,27,32.9041,2.864976,2.981653,3.277955,3.637765,3.948158,4.141570,4.160331,4.183471,4.133274,3.948158
0.5,1.4,2.2,16,60,1,-20.871,2.92842,3.81252,0.884109,2.58904,3.27263,1.11754,0.305565,0.3784,0.315754,0.316682,3.14733,1.18886,0.917749,0.0812255,1,0,0.822079,3.81252,4.11728,3.81252,inverted,0.304751,0.957263,2.16177,5.85683,7.04569,2.69388,3.14159,1,5.83093,1,5.83093,2.29223,1.31095,2.51756,1.25878,0.944923,0.49064,0.49064,0.230082,0.342651,1,nan,1,1,1,1,1,1,28,54.9672,2.928416,3.019066,3.253201,3.545882,3.812524,4.117275,4.114874,4.088800,3.997575,3.812524
0.5,1.1,2.4,16,60,1,-19.7317,2.68186,3.82126,1.1394,3.05572,2.34179,0.873198,0.427023,0.487765,0.425019,0.426245,2.98197,1.30228,1.03749,0.0529472,1,0,0.640732,3.82126,3.98414,3.82126,inverted,0.162872,1.05087,1.73738,5.36372,6.66599,2.42531,3.14159,0,nan,nan,nan,2.61788,1.57969,2.86172,1.43086,1.05741,0.519092,0.519092,0.164714,0.403204,1,nan,1,1,1,1,1,1,29,29.3697,2.681859,2.807502,3.123289,3.501211,3.821263,3.984135,4.008028,4.043393,4.004457,3.821263
0.6,1.4,2.2,16,60,1,-21.4195,3.11157,3.95081,0.839242,2.61136,3.52033,1.13137,0.284064,0.36009,0.296521,0.297391,3.31613,1.15475,0.912484,0.0747635,1,0,0.843295,3.95081,4.26632,3.95081,inverted,0.315506,0.931332,2.23032,6.22314,7.37789,2.88076,3.14159,1,6.17564,-1,nan,2.19861,1.21708,2.41987,1.20993,0.920175,0.490763,0.490763,0.258283,0.325926,1,nan,1,1,1,1,1,1,30,30.4354,3.111570,3.196026,3.415784,3.693721,3.950812,4.266318,4.261219,4.229186,4.133776,3.950812
0.2,1.1,2.1,16,60,1,-17.0286,2.05669,3.14164,1.08495,2.2314,2.33089,1.13332,0.429021,0.462341,0.413241,0.414568,2.35309,1.21251,0.909776,0.148253,1,0,0.61478,3.14164,3.2692,3.14164,inverted,0.127563,0.967424,1.54829,4.11339,5.32589,1.8245,-2.35619,0,nan,nan,nan,2.82613,1.81183,3.06913,1.53457,1.09395,0.507146,0.507146,0.1215,0.449157,1,nan,1,1,1,1,1,1,31,25.9287,2.056693,2.181972,2.489616,2.847087,3.141639,3.269202,3.294074,3.333010,3.304579,3.141639
0.4,1.1,2.4,16,60,1,-19.2561,2.49953,3.69918,1.19965,2.99857,2.15774,0.863257,0.463449,0.513015,0.453465,0.454827,2.82235,1.32558,1.04305,0.0578188,1,0,0.602906,3.69918,3.82511,3.69918,inverted,0.125925,1.0654,1.68559,4.99906,6.32464,2.2383,-2.35619,0,nan,nan,nan,2.73811,1.698,2.98416,1.49208,1.08751,0.520058,0.520058,0.141458,0.428423,1,nan,1,1,1,1,1,1,32,40.0813,2.499530,2.635358,2.972619,3.369674,3.699184,3.825110,3.854951,3.904465,3.879028,3.699184
0.7,0.8,2.1,16,60,1,-17.5387,2.65844,3.57794,0.919495,2.44442,3.02814,1.13906,0.330236,0.396046,0.337179,0.33807,2.89361,1.04592,0.909288,0.0999557,1,0,0.630133,3.57794,3.70436,3.57794,inverted,0.126425,0.854549,1.36543,5.31689,6.36281,2.4347,3.14159,1,4.83784,-1,nan,2.43964,1.36753,2.68498,1.34249,1.03012,0.536058,0.536058,0.215607,0.365332,1,nan,1,1,1,1,1,1,33,38.3559,2.658443,2.756163,3.006317,3.313075,3.577938,3.704363,3.725528,3.758587,3.729682,3.577938
0.7,1.4,2.2,16,60,1,-21.9858,3.29551,4.09326,0.797753,2.629,3.77285,1.14484,0.265052,0.343181,0.279098,0.27992,3.48722,1.12078,0.907438,0.0690239,1,0,0.861341,4.09326,4.41629,4.09326,inverted,0.323027,0.905121,2.29073,6.59102,7.7118,3.06917,3.14159,1,6.37453,-1,nan,2.11309,1.13131,2.32992,1.16496,0.896939,0.490892,0.490892,0.286669,0.311031,1,nan,1,1,1,1,1,1,34,38.2167,3.295512,3.374461,3.581217,3.845448,4.093265,4.416292,4.408955,4.372075,4.273604,4.093265
0.7,1.4,2.5,16,60,1,-23.1518,3.38029,4.38227,1.00198,3.38699,2.88687,0.854031,0.346396,0.429652,0.358504,0.35953,3.62866,1.3169,1.04995,0.0313664,1,0,0.795894,4.38227,4.69719,4.38227,inverted,0.314916,1.06406,2.26881,6.76057,8.07747,3.11552,3.14159,1,6.61605,-1,nan,2.28101,1.28182,2.50889,1.25444,0.951287,0.499592,0.499592,0.23879,0.340235,1,nan,1,1,1,1,1,1,35,61.0774,3.380286,3.483089,3.748894,4.081219,4.382270,4.697186,4.698648,4.679290,4.586272,4.382270
0.3,1.1,2.1,16,60,1,-17.4843,2.2374,3.25934,1.02193,2.28648,2.57111,1.14915,0.388937,0.435982,0.383024,0.384186,2.50924,1.18953,0.903931,0.132985,1,0,0.662821,3.25934,3.42693,3.25934,inverted,0.167595,0.953779,1.62419,4.4748,5.66433,2.01332,3.14159,0,nan,nan,nan,2.68087,1.66757,2.92183,1.46091,1.05922,0.506649,0.506649,0.146739,0.41756,1,nan,1,1,1,1,1,1,36,21.226,2.237402,2.351562,2.636330,2.974091,3.259336,3.426931,3.445223,3.468926,3.426123,3.259336
0.6,1.4,2.5,16,60,1,-22.6153,3.19692,4.24673,1.04981,3.35615,2.70093,0.844853,0.370243,0.449328,0.3794,0.380492,3.46105,1.3488,1.05528,0.0335668,1,0,0.772991,4.24673,4.54572,4.24673,inverted,0.29899,1.088,2.21317,6.39385,7.74265,2.92929,3.14159,0,nan,nan,nan,2.36931,1.36957,2.60055,1.30027,0.974635,0.499871,0.499871,0.214173,0.356422,1,nan,1,1,1,1,1,1,37,68.6088,3.196925,3.306567,3.588013,3.936008,4.246732,4.545721,4.550559,4.538876,4.451866,4.246732
0.5,1.4,2.5,16,60,1,-22.0968,3.01428,4.1153,1.10102,3.31879,2.5185,0.835523,0.397062,0.470445,0.402244,0.403417,3.29588,1.37992,1.06078,0.0360652,1,0,0.746803,4.1153,4.3942,4.1153,inverted,0.278898,1.11078,2.15067,6.02856,7.40848,2.74499,3.14159,0,nan,nan,nan,2.46493,1.46463,2.69918,1.34959,0.999275,0.500152,0.500152,0.190071,0.374521,1,nan,1,1,1,1,1,1,38,57.3271,3.014281,3.131570,3.430149,3.794798,4.115304,4.394203,4.402970,4.400326,4.320773,4.115304
0.4,1.1,2.1,16,60,1,-17.9669,2.41909,3.38279,0.963693,2.33126,2.81784,1.16483,0.354882,0.411753,0.355893,0.356933,2.66947,1.16278,0.89823,0.120016,1,0,0.703655,3.38279,3.58187,3.38279,inverted,0.199082,0.935916,1.69068,4.83819,6.00096,2.19323,3.14159,0,nan,nan,nan,2.54868,1.53651,2.78694,1.39347,1.02648,0.506087,0.506087,0.173664,0.390521,1,nan,1,1,1,1,1,1,39,26.4225,2.419093,2.523687,2.788006,3.107194,3.382786,3.581868,3.594774,3.605854,3.551599,3.382786
0.4,1.4,2.5,16,60,1,-21.5976,2.83239,3.98825,1.15585,3.27383,2.33973,0.826061,0.427399,0.493114,0.427244,0.428517,3.13343,1.40966,1.06644,0.0389359,1,0,0.716755,3.98825,4.24206,3.98825,inverted,0.253813,1.13176,2.0807,5.66479,7.07445,2.56304,3.14159,0,nan,nan,nan,2.56848,1.56763,2.80534,1.40267,1.02524,0.500423,0.500423,0.166713,0.394874,1,nan,1,1,1,1,1,1,40,40.0077,2.832394,2.958269,3.275643,3.657946,3.988245,4.242058,4.255416,4.263419,4.193052,3.988245
0.5,1.1,2.1,16,60,1,-18.4738,2.6017,3.51164,0.909943,2.3674,3.07082,1.18031,0.325646,0.389479,0.331531,0.332478,2.83324,1.13368,0.892695,0.108874,1,0,0.738638,3.51164,3.73538,3.51164,inverted,0.223739,0.915185,1.74856,5.2034,6.33708,2.37639,3.14159,0,nan,nan,nan,2.42844,1.41744,2.66339,1.3317,0.995697,0.505497,0.505497,0.201876,0.36715,1,nan,1,1,1,1,1,1,41,29.4323,2.601700,2.697999,2.944018,3.245819,3.511642,3.735382,3.743796,3.744394,3.681055,3.511642
0.3,1.4,2.5,16,60,1,-21.1195,2.65131,3.86581,1.2145,3.22002,2.16477,0.816494,0.461942,0.517455,0.454618,0.456018,2.97405,1.43721,1.07225,0.0422785,1,0,0.682119,3.86581,4.08851,3.86581,inverted,0.222705,1.15015,2.00274,5.30261,6.73982,2.38397,3.14159,0,nan,nan,nan,2.68057,1.67924,2.91962,1.45981,1.05257,0.500666,0.500666,0.144336,0.417905,1,nan,1,1,1,1,1,1,42,26.6268,2.651305,2.786873,3.124887,3.525839,3.865809,4.088514,4.107271,4.127828,4.068717,3.865809
0.7,1.1,2.5,16,60,1,-21.1567,3.07455,4.18054,1.10599,3.40042,2.50263,0.813983,0.39958,0.47473,0.405848,0.406967,3.35833,1.30425,1.07518,0.0320426,1,0,0.673861,4.18054,4.3788,4.18054,inverted,0.198263,1.05856,1.81768,6.1491,7.45335,2.80716,3.14159,1,5.90031,-1,nan,2.46407,1.42084,2.70529,1.35265,1.02161,0.521614,0.521614,0.201445,0.37224,1,nan,1,1,1,1,1,1,43,42.9389,3.074548,3.192652,3.493848,3.861686,4.180540,4.378803,4.398249,4.422469,4.371109,4.180540
0.2,1.4,2.1,16,60,1,-18.9187,2.35429,3.32018,0.965887,2.27398,2.80861,1.19298,0.356048,0.410878,0.355635,0.35673,2.60496,1.22323,0.88725,0.129143,1,0,0.760731,3.32018,3.57752,3.32018,inverted,0.257344,0.977786,1.89691,4.70858,5.93181,2.12648,3.14159,0,nan,nan,nan,2.56762,1.59384,2.80011,1.40005,1.01026,0.486889,0.486889,0.160714,0.395088,1,nan,1,1,1,1,1,1,44,40.5731,2.354291,2.459128,2.723329,3.041980,3.320178,3.577522,3.582783,3.574747,3.500373,3.320178
0.2,1.4,2.5,16,60,1,-20.664,2.47106,3.74824,1.27718,3.15599,1.99376,0.806844,0.501564,0.543593,0.484593,0.486154,2.81813,1.46144,1.07818,0.0462278,1,0,0.641908,3.74824,3.9325,3.74824,inverted,0.184261,1.16495,1.91646,4.94212,6.40356,2.19707,-2.35619,0,nan,nan,nan,2.80187,1.80015,3.04263,1.52132,1.08128,0.50086,0.50086,0.123175,0.444156,1,nan,1,1,1,1,1,1,45,24.0901,2.471062,2.617630,2.978330,3.398887,3.748240,3.932501,3.957705,3.993089,3.947722,3.748240
0.6,1.1,2.5,16,60,1,-20.6483,2.89079,4.05124,1.16045,3.35462,2.32842,0.805462,0.429476,0.497487,0.430672,0.431885,3.19379,1.33002,1.08051,0.0346845,1,0,0.642916,4.05124,4.22081,4.05124,inverted,0.169567,1.07654,1.77879,5.78157,7.11159,2.62319,3.14159,1,5.72311,-1,nan,2.56628,1.52084,2.81027,1.40514,1.04851,0.522719,0.522719,0.17763,0.392257,1,nan,1,1,1,1,1,1,46,28.187,2.890787,3.017365,3.337212,3.722709,4.051238,4.220805,4.245119,4.280966,4.240259,4.051238
0.6,1.1,2.1,16,60,1,-19.0031,2.78516,3.64554,0.86038,2.3963,3.32976,1.19553,0.300322,0.368998,0.309632,0.310507,3.00008,1.10325,0.887342,0.0992118,1,0,0.768742,3.64554,3.88841,3.64554,inverted,0.24287,0.892602,1.79877,5.57033,6.67358,2.56212,3.14159,1,5.40176,-1,nan,2.31907,1.30926,2.55021,1.2751,0.966806,0.504905,0.504905,0.23098,0.346772,1,nan,1,1,1,1,1,1,47,26.6921,2.785164,2.874220,3.103833,3.389430,3.645543,3.888413,3.893052,3.884942,3.814449,3.645543
0.5,1.1,2.5,16,60,1,-20.1602,2.70775,3.92642,1.21867,3.29985,2.15771,0.796865,0.463455,0.521881,0.45783,0.459162,3.03219,1.35395,1.08596,0.0377929,1,0,0.608699,3.92642,4.06169,3.92642,inverted,0.135275,1.0921,1.73476,5.41549,6.76944,2.43973,-2.35619,0,nan,nan,nan,2.67698,1.62936,2.92334,1.46167,1.07686,0.523813,0.523813,0.15468,0.414897,1,nan,1,1,1,1,1,1,48,35.364,2.707745,2.843874,3.184186,3.588333,3.926417,4.061692,4.091563,4.140721,4.112639,3.926417
0.3,1.4,2.1,16,60,1,-19.4145,2.53496,3.44638,0.911416,2.3104,3.06727,1.20999,0.326023,0.388547,0.330882,0.331877,2.76638,1.19065,0.881425,0.117045,1,0,0.794316,3.44638,3.72561,3.44638,inverted,0.279233,0.954636,1.9966,5.06992,6.26057,2.30741,3.14159,0,nan,nan,nan,2.44475,1.47032,2.6742,1.3371,0.980342,0.487215,0.487215,0.188271,0.371048,1,nan,1,1,1,1,1,1,49,38.802,2.534962,2.631300,2.876893,3.178051,3.446378,3.725611,3.726622,3.708917,3.626553,3.446378
0.7,1.1,2.1,16,60,1,-19.5526,2.96943,3.78413,0.814694,2.41918,3.59435,1.21045,0.278215,0.350154,0.289916,0.290734,3.16962,1.0722,0.882181,0.0907651,1,0,0.794726,3.78413,4.04163,3.78413,inverted,0.257502,0.868927,1.84229,5.93887,7.01106,2.74987,3.14159,1,5.58619,-1,nan,2.21961,1.21094,2.44647,1.22324,0.939736,0.504332,0.504332,0.260597,0.328867,1,nan,1,1,1,1,1,1,50,33.5759,2.969433,3.052125,3.266997,3.537542,3.784128,4.041630,4.043086,4.027747,3.951679,3.784128
0.7,1.4,2.6,16,60,1,-23.5517,3.40795,4.48117,1.07322,3.65748,2.66135,0.780923,0.37575,0.459942,0.386667,0.387767,3.67659,1.3793,1.09782,0.0217203,1,0,0.77204,4.48117,4.78725,4.48117,inverted,0.306084,1.11467,2.26267,6.8159,8.1952,3.13102,3.14159,1,6.69752,-1,nan,2.33442,1.32883,2.56541,1.2827,0.968636,0.502795,0.502795,0.225395,0.34976,1,nan,1,1,1,1,1,1,51,45.7458,3.407950,3.519327,3.806096,4.162156,4.481170,4.787254,4.792474,4.781036,4.692002,4.481170
0.4,1.4,2.1,16,60,1,-19.9334,2.71659,3.57781,0.861222,2.33959,3.33234,1.22666,0.300089,0.368046,0.308662,0.309578,2.93107,1.15656,0.875818,0.106552,1,0,0.822005,3.57781,3.87315,3.57781,inverted,0.295335,0.929549,2.0864,5.43318,6.58974,2.49111,3.14159,0,nan,nan,nan,2.33295,1.35792,2.55881,1.2794,0.952227,0.487514,0.487514,0.216914,0.350115,1,nan,1,1,1,1,1,1,52,30.1891,2.716590,2.805526,3.034459,3.319316,3.577812,3.873146,3.870709,3.845243,3.756861,3.577812
0.6,1.4,2.6,16,60,1,-23.0244,3.22473,4.34773,1.12301,3.62139,2.49209,0.772806,0.40127,0.48049,0.408687,0.409862,3.5101,1.41016,1.10321,0.0234572,1,0,0.747814,4.34773,4.63489,4.34773,inverted,0.287155,1.13753,2.20852,6.44946,7.85962,2.94561,3.14159,0,nan,nan,nan,2.42328,1.41691,2.65733,1.32866,0.991953,0.503187,0.503187,0.201945,0.366349,1,nan,1,1,1,1,1,1,53,53.9054,3.224728,3.343401,3.646670,4.018988,4.347733,4.634889,4.643870,4.641082,4.559118,4.347733
0.5,1.4,2.6,16,60,1,-22.5151,3.0422,4.21837,1.17617,3.57814,2.32599,0.764574,0.429924,0.502482,0.43269,0.433954,3.34609,1.43997,1.10875,0.0255192,1,0,0.720359,4.21837,4.48217,4.21837,inverted,0.263799,1.15893,2.14788,6.08441,7.52438,2.76225,3.14159,0,nan,nan,nan,2.51922,1.51207,2.75598,1.37799,1.0165,0.503577,0.503577,0.179076,0.384874,1,nan,1,1,1,1,1,1,54,38.826,3.042204,3.169016,3.490309,3.879842,4.218372,4.482171,4.495492,4.502783,4.429433,4.218372
0.5,1.4,2.1,16,60,1,-20.4735,2.89912,3.71411,0.814989,2.36275,3.60347,1.24295,0.27751,0.349213,0.288685,0.289539,3.09861,1.12185,0.87044,0.0973786,1,0,0.845026,3.71411,4.02098,3.71411,inverted,0.306864,0.903394,2.16645,5.79825,6.9201,2.67701,3.14159,1,5.75648,1,5.75648,2.23125,1.25565,2.45302,1.22651,0.925852,0.487801,0.487801,0.246256,0.331745,1,nan,1,1,1,1,1,1,55,35.2787,2.899124,2.981569,3.195559,3.465274,3.714113,4.020977,4.015725,3.984031,3.891202,3.714113
0.4,1.4,2.6,16,60,1,-22.0251,2.86042,4.09332,1.23291,3.52663,2.16318,0.756246,0.462283,0.526022,0.458872,0.460248,3.18484,1.46809,1.11444,0.0279956,1,0,0.68915,4.09332,4.3285,4.09332,inverted,0.235179,1.17822,2.08015,5.72083,7.18892,2.58138,3.14159,0,nan,nan,nan,2.62278,1.61488,2.86187,1.43094,1.0423,0.503952,0.503952,0.156997,0.405676,1,nan,1,1,1,1,1,1,56,24.1422,2.860417,2.996350,3.337353,3.745063,4.093323,4.328503,4.346853,4.365892,4.302978,4.093323
0.3,1.4,2.6,16,60,1,-21.5561,2.67941,3.97282,1.29341,3.46558,2.00377,0.747842,0.499058,0.551225,0.48744,0.488957,3.02671,1.49367,1.12025,0.0310011,1,0,0.653511,3.97282,4.17308,3.97282,inverted,0.20026,1.19461,2.00482,5.35881,6.85249,2.39878,-2.35619,0,nan,nan,nan,2.73455,1.72596,2.97556,1.48778,1.06938,0.504294,0.504294,0.135919,0.429182,1,nan,1,1,1,1,1,1,57,27.0228,2.679407,2.825612,3.188190,3.615019,3.972819,4.173079,4.197312,4.230060,4.179745,3.972819
0.7,1.1,2.6,16,60,1,-21.5708,3.09989,4.28252,1.18263,3.66603,2.30954,0.745038,0.432988,0.507691,0.436973,0.438179,3.40638,1.35709,1.12374,0.0235487,1,0,0.643144,4.28252,4.45698,4.28252,inverted,0.174454,1.10154,1.813,6.19978,7.55687,2.82166,3.14159,1,5.97854,-1,nan,2.52117,1.46874,2.76531,1.38265,1.04087,0.526216,0.526216,0.189803,0.382776,1,nan,1,1,1,1,1,1,58,38.6715,3.099891,3.227686,3.552094,3.945485,4.282524,4.456978,4.481961,4.518894,4.477048,4.282524
0.6,0.8,2,16,60,1,-16.6063,2.44916,3.34439,0.895224,2.19255,3.07681,1.25627,0.325012,0.38495,0.329745,0.330635,2.67985,1.02025,0.865606,0.131647,1,0,0.633948,3.34439,3.46941,3.34439,inverted,0.125024,0.830834,1.34307,4.89833,5.91858,2.23547,3.14159,1,4.5904,-1,nan,2.48586,1.42268,2.73091,1.36546,1.03746,0.53159,0.53159,0.201214,0.375025,1,nan,1,1,1,1,1,1,59,27.7492,2.449165,2.545204,2.789931,3.088169,3.344389,3.469413,3.489448,3.520253,3.491231,3.344389
0.6,1.4,2.1,16,60,1,-21.0329,3.08251,3.85492,0.772407,2.38096,3.8803,1.25881,0.257712,0.331895,0.270692,0.271495,3.26868,1.08717,0.865297,0.0893045,1,0,0.864306,3.85492,4.16968,3.85492,inverted,0.314763,0.876802,2.23719,6.16503,7.2522,2.86466,3.14159,2,6.0287,1,6.0287,2.13875,1.16258,2.35603,1.17801,0.901147,0.488085,0.488085,0.275938,0.315513,1,nan,1,1,1,1,1,1,60,25.6035,3.082515,3.159236,3.359791,3.615474,3.854922,4.169684,4.162133,4.125452,4.029432,3.854922
0.2,1.4,2.6,16,60,1,-21.1096,2.49922,3.85708,1.35786,3.39358,1.84788,0.739382,0.541161,0.578209,0.518601,0.520299,2.87209,1.51557,1.12618,0.0346837,1,0,0.612506,3.85708,4.01479,3.85708,inverted,0.157712,1.20706,1.92154,4.99844,6.51401,2.21022,-2.35619,0,nan,nan,nan,2.85513,1.84597,3.09761,1.54881,1.09776,0.504582,0.504582,0.116046,0.455931,1,nan,1,1,1,1,1,1,61,22.8023,2.499221,2.657057,3.043261,3.490102,3.857077,4.014789,4.046030,4.094799,4.059664,3.857077
0.6,1.1,2.6,16,60,1,-21.0717,2.91621,4.15525,1.23904,3.6133,2.15089,0.737565,0.464924,0.531332,0.463003,0.464315,3.24304,1.3813,1.12907,0.026119,1,0,0.611818,4.15525,4.29751,4.15525,inverted,0.142258,1.11779,1.77524,5.83241,7.21371,2.63877,3.14159,1,5.80254,-1,nan,2.6236,1.56877,2.87021,1.4351,1.06765,0.527414,0.527414,0.16725,0.403278,1,nan,1,1,1,1,1,1,62,29.9632,2.916206,3.053017,3.397010,3.808601,4.155247,4.297505,4.327743,4.377319,4.347407,4.155247
0.2,1.1,2,16,60,1,-16.586,2.0288,3.0334,1.0046,2.03814,2.56352,1.26356,0.390089,0.427872,0.379492,0.380689,2.2997,1.15828,0.861722,0.176914,1,0,0.651385,3.0334,3.18708,3.0334,inverted,0.15368,0.92507,1.54479,4.05759,5.21588,1.81175,-2.35619,0,nan,nan,nan,2.75917,1.75433,2.99991,1.49996,1.07308,0.502422,0.502422,0.130897,0.43465,1,nan,1,1,1,1,1,1,63,30.3712,2.028796,2.142972,2.425323,2.756549,3.033401,3.187081,3.206008,3.231668,3.193126,3.033401
0.5,1.1,2.6,16,60,1,-20.5928,2.73322,4.03238,1.29916,3.55089,1.99537,0.730041,0.501161,0.556598,0.491384,0.492829,3.0827,1.40345,1.1345,0.0292426,1,0,0.577505,4.03238,4.13668,4.03238,inverted,0.104296,1.13134,1.73266,5.46645,6.8699,2.44944,-2.35619,0,nan,nan,nan,2.7342,1.67701,2.98289,1.49145,1.0958,0.528593,0.528593,0.145595,0.426435,1,nan,1,1,1,1,1,1,64,25.508,2.733224,2.880174,3.245588,3.676319,4.032381,4.136676,4.172881,4.236794,4.220843,4.032381
0.7,0.8,2,16,60,1,-17.1355,2.63426,3.47844,0.844184,2.2238,3.35081,1.27201,0.298436,0.36357,0.306943,0.307759,2.84758,0.995063,0.86053,0.119071,1,0,0.669667,3.47844,3.62932,3.47844,inverted,0.150879,0.812538,1.37062,5.26852,6.26358,2.42225,3.14159,1,4.76318,-1,nan,2.36776,1.30819,2.6089,1.30445,1.005,0.529789,0.529789,0.231867,0.352712,1,nan,1,1,1,1,1,1,65,52.2479,2.634258,2.722711,2.950346,3.231841,3.478442,3.629321,3.644911,3.665035,3.626280,3.478442
0.7,1.4,2.1,16,60,1,-21.6098,3.26672,3.99989,0.733171,2.39506,4.16247,1.2742,0.240242,0.315953,0.25445,0.25521,3.44099,1.05295,0.860388,0.0821565,1,0,0.880556,3.99989,4.31966,3.99989,inverted,0.319775,0.850229,2.29932,6.53344,7.58638,3.05373,3.14159,2,6.2676,1,6.2676,2.0546,1.07785,2.26704,1.13352,0.878037,0.488373,0.488373,0.305639,0.301081,1,nan,1,1,1,1,1,1,66,67.2332,3.266719,3.338365,3.526810,3.769504,3.999890,4.319665,4.310235,4.269580,4.171375,3.999890
0.3,1.1,2,16,60,1,-17.0529,2.20959,3.15343,0.943844,2.0855,2.83313,1.2822,0.352966,0.402575,0.350761,0.351815,2.45744,1.13262,0.855872,0.158159,1,0,0.698196,3.15343,3.34221,3.15343,inverted,0.188777,0.908679,1.62411,4.41917,5.55179,1.99467,3.14159,0,nan,nan,nan,2.61309,1.60895,2.85139,1.4257,1.0379,0.502071,0.502071,0.158141,0.403815,1,nan,1,1,1,1,1,1,67,22.3184,2.209586,2.313401,2.574048,2.886106,3.153430,3.342207,3.355197,3.367077,3.315900,3.153430
0.4,1.1,2,16,60,1,-17.5468,2.39139,3.27935,0.887963,2.12346,3.11026,1.30061,0.321516,0.379429,0.325111,0.326058,2.6192,1.10371,0.850193,0.142249,1,0,0.737416,3.27935,3.4951,3.27935,inverted,0.215749,0.888576,1.69341,4.78278,5.88649,2.17599,3.14159,0,nan,nan,nan,2.48079,1.47745,2.71595,1.35798,1.00487,0.501666,0.501666,0.187058,0.377492,1,nan,1,1,1,1,1,1,68,33.7155,2.391389,2.486324,2.727672,3.021789,3.279352,3.495101,3.503263,3.503904,3.442878,3.279352
0.5,1.1,2,16,60,1,-18.0653,2.57414,3.41077,0.836635,2.15361,3.39455,1.31871,0.29459,0.358246,0.302196,0.303062,2.78441,1.07293,0.844707,0.128606,1,0,0.770531,3.41077,3.64707,3.41077,inverted,0.236298,0.866081,1.75349,5.14828,6.22121,2.36034,3.14159,1,5.13283,-1,nan,2.36101,1.35852,2.59241,1.29621,0.973927,0.501243,0.501243,0.217184,0.354789,1,nan,1,1,1,1,1,1,69,27.7249,2.574139,2.661398,2.885559,3.162985,3.410773,3.647072,3.651251,3.642710,3.574059,3.410773
0.2,1.4,2,16,60,1,-18.4935,2.32405,3.21546,0.891411,2.07168,3.09562,1.33199,0.323037,0.379348,0.325413,0.32641,2.55247,1.15827,0.839869,0.152348,1,0,0.78925,3.21546,3.48232,3.21546,inverted,0.266855,0.926425,1.89215,4.6481,5.80637,2.1065,3.14159,0,nan,nan,nan,2.5031,1.53563,2.73302,1.36651,0.991039,0.483732,0.483732,0.17309,0.382282,1,nan,1,1,1,1,1,1,70,27.3659,2.324051,2.419348,2.660983,2.955142,3.215462,3.482317,3.483731,3.467650,3.389125,3.215462
0.6,1.1,2,16,60,1,-18.606,2.75777,3.54729,0.789519,2.17731,3.68562,1.33645,0.271325,0.338848,0.281693,0.282495,2.95263,1.04124,0.839427,0.1168,1,0,0.798631,3.54729,3.79901,3.54729,inverted,0.251718,0.842166,1.80537,5.51555,6.55679,2.54705,3.14159,1,5.32148,-1,nan,2.25258,1.25093,2.4797,1.23985,0.945007,0.500826,0.500826,0.248072,0.335032,1,nan,1,1,1,1,1,1,71,53.7041,2.757775,2.838353,3.047173,3.309133,3.547293,3.799011,3.799888,3.783845,3.709357,3.547293
0.3,1.4,2,16,60,1,-19.0006,2.5049,3.3442,0.839297,2.10236,3.38613,1.3518,0.295322,0.358081,0.302079,0.302987,2.71537,1.12404,0.834121,0.137583,1,0,0.820368,3.3442,3.62894,3.3442,inverted,0.284747,0.901612,1.99559,5.0098,6.13385,2.28867,3.14159,0,nan,nan,nan,2.38033,1.41186,2.60678,1.30339,0.960882,0.484233,0.484233,0.202604,0.358862,1,nan,1,1,1,1,1,1,72,29.7242,2.504901,2.592316,2.816436,3.093765,3.344198,3.628945,3.626648,3.602204,3.517066,3.344198
0.7,1.1,2,16,60,1,-19.1669,2.94224,3.68852,0.746273,2.19572,3.98308,1.35376,0.251062,0.321073,0.263311,0.264063,3.12348,1.00929,0.834362,0.106506,1,0,0.82257,3.68852,3.95154,3.68852,inverted,0.263022,0.817544,1.85007,5.88449,6.89378,2.7356,3.14159,1,5.5084,-1,nan,2.15443,1.15357,2.37681,1.18841,0.918019,0.500431,0.500431,0.279304,0.317704,1,nan,1,1,1,1,1,1,73,41.2077,2.942244,3.016967,3.212060,3.459728,3.688517,3.951539,3.949672,3.927509,3.848626,3.688517
0.4,1.4,2,16,60,1,-19.531,2.68674,3.47824,0.791494,2.12654,3.68392,1.37115,0.27145,0.338638,0.281232,0.282072,2.88146,1.08883,0.828617,0.124811,1,0,0.845712,3.47824,3.77557,3.47824,inverted,0.297333,0.875336,2.08874,5.37349,6.46231,2.47342,3.14159,1,5.37335,1,5.37335,2.26917,1.29975,2.49157,1.24578,0.932651,0.484709,0.484709,0.233098,0.338513,1,nan,1,1,1,1,1,1,74,28.9549,2.686744,2.767316,2.975828,3.237564,3.478238,3.775571,3.770303,3.739269,3.649327,3.478238
0.5,1.4,2,16,60,1,-20.0825,2.86953,3.61718,0.747654,2.14541,3.98853,1.38996,0.250719,0.320846,0.262574,0.263358,3.05036,1.05344,0.823364,0.113679,1,0,0.866551,3.61718,3.92296,3.61718,inverted,0.305786,0.848401,2.17164,5.73905,6.79249,2.6602,3.14159,1,5.68115,1,5.68115,2.16853,1.19818,2.38638,1.19319,0.906274,0.485173,0.485173,0.264142,0.320691,1,nan,1,1,1,1,1,1,75,26.9989,2.869525,2.944116,3.138687,3.386017,3.617179,3.922965,3.915311,3.879092,3.785768,3.617179
0.5,0.8,1.9,16,60,1,-15.6797,2.24003,3.11217,0.87214,1.95362,3.11749,1.39172,0.320771,0.374357,0.322959,0.323853,2.46681,0.993919,0.822162,0.171031,1,0,0.635563,3.11217,3.23395,3.11217,inverted,0.121779,0.806479,1.3149,4.48005,5.47397,2.03673,3.14159,1,4.33918,-1,nan,2.54058,1.48668,2.78539,1.3927,1.04652,0.526948,0.526948,0.185578,0.386525,1,nan,1,1,1,1,1,1,76,53.2036,2.240026,2.334651,2.574447,2.864517,3.112166,3.233945,3.253094,3.282260,3.253783,3.112166
0.6,1.4,2,16,60,1,-20.6531,3.05319,3.76063,0.707436,2.15994,4.2995,1.4082,0.232585,0.304545,0.245834,0.246573,3.22174,1.01844,0.818366,0.103912,1,0,0.883828,3.76063,4.07164,3.76063,inverted,0.311008,0.821377,2.24471,6.10639,7.12483,2.84859,3.14159,2,5.94873,1,5.94873,2.07742,1.10615,2.29032,1.14516,0.881667,0.485631,0.485631,0.295344,0.304972,1,nan,1,1,1,1,1,1,77,29.5092,3.053195,3.122526,3.304609,3.538654,3.760631,4.071638,4.062068,4.021790,3.926205,3.760631
0.6,0.8,1.9,16,60,1,-16.1975,2.4244,3.24362,0.819214,1.9861,3.41998,1.41065,0.292399,0.352218,0.299049,0.299858,2.6328,0.968382,0.816947,0.153404,1,0,0.6748,3.24362,3.39278,3.24362,inverted,0.149168,0.788322,1.34811,4.8488,5.81718,2.222,3.14159,1,4.51403,-1,nan,2.41067,1.3601,2.65162,1.32581,1.01165,0.525288,0.525288,0.21737,0.361494,1,nan,1,1,1,1,1,1,78,26.3141,2.424401,2.510958,2.732808,3.005624,3.243615,3.392783,3.407260,3.425236,3.386527,3.243615
0.2,1.1,1.9,16,60,1,-16.1477,2.00039,2.92603,0.925631,1.85163,2.83509,1.41726,0.352723,0.394092,0.346595,0.347672,2.24663,1.10139,0.813784,0.206378,1,0,0.688495,2.92603,3.10179,2.92603,inverted,0.175764,0.880385,1.5415,4.00079,5.10218,1.79716,3.14159,0,nan,nan,nan,2.68914,1.69351,2.92742,1.46371,1.05146,0.497817,0.497817,0.14158,0.41986,1,nan,1,1,1,1,1,1,79,33.2155,2.000394,2.103871,2.361594,2.666963,2.926025,3.101789,3.115267,3.128861,3.081674,2.926025
0.7,1.4,2,16,60,1,-21.241,3.2377,3.90822,0.670519,2.17094,4.61641,1.42583,0.216619,0.289587,0.230777,0.231477,3.3953,0.984218,0.813619,0.0952948,1,0,0.898259,3.90822,4.22192,3.90822,inverted,0.313699,0.794662,2.30862,6.47541,7.45963,3.03828,3.14159,2,6.1873,1,6.1873,1.99491,1.02273,2.20253,1.10127,0.858737,0.486089,0.486089,0.326362,0.29102,1,nan,1,1,1,1,1,1,80,34.0152,3.237705,3.302383,3.473250,3.695053,3.908224,4.221923,4.210815,4.167386,4.070426,3.908224
0.7,0.8,1.9,16,60,1,-16.7389,2.60962,3.38041,0.770785,2.01146,3.72986,1.42927,0.268107,0.332,0.277764,0.278508,2.80197,0.941622,0.811899,0.138339,1,0,0.709517,3.38041,3.55124,3.38041,inverted,0.170837,0.768269,1.37645,5.21924,6.16086,2.40985,3.14159,1,4.68822,-1,nan,2.29371,1.24639,2.53022,1.26511,0.979186,0.523662,0.523662,0.249989,0.339935,1,nan,1,1,1,1,1,1,81,60.3625,2.609621,2.689211,2.895129,3.151988,3.380406,3.551243,3.561739,3.570290,3.523398,3.380406
0.3,1.1,1.9,16,60,1,-16.6265,2.18129,3.04858,0.867287,1.8918,3.1396,1.43933,0.318512,0.369922,0.319419,0.320371,2.406,1.07316,0.807949,0.183881,1,0,0.733434,3.04858,3.25445,3.04858,inverted,0.205873,0.861381,1.62443,4.36258,5.43574,1.97622,3.14159,0,nan,nan,nan,2.54247,1.54719,2.77786,1.38893,1.01585,0.497638,0.497638,0.171042,0.389827,1,nan,1,1,1,1,1,1,82,27.5174,2.181290,2.275163,2.512398,2.799212,3.048577,3.254450,3.262634,3.263968,3.205899,3.048577
0.4,1.1,1.9,16,60,1,-17.1325,2.36324,3.17715,0.813915,1.92347,3.45281,1.46105,0.289619,0.347915,0.295302,0.296162,2.56932,1.04227,0.802316,0.164837,1,0,0.770493,3.17715,3.4055,3.17715,inverted,0.22835,0.839227,1.69669,4.72647,5.76874,2.15891,3.14159,0,nan,nan,nan,2.41033,1.4155,2.64209,1.32105,0.982559,0.497417,0.497417,0.202127,0.364253,1,nan,1,1,1,1,1,1,83,29.8418,2.363237,2.448909,2.668030,2.937601,3.177152,3.405502,3.409423,3.400936,3.334603,3.177152
0.5,1.1,1.9,16,60,1,-17.663,2.54616,3.31131,0.765142,1.94818,3.77423,1.48232,0.264954,0.32787,0.273871,0.274661,2.73602,1.01001,0.796904,0.148547,1,0,0.801303,3.31131,3.55618,3.31131,inverted,0.244871,0.815193,1.75909,5.09233,6.10234,2.34438,3.14159,1,5.05004,-1,nan,2.29134,1.29697,2.51882,1.25941,0.951517,0.497185,0.497185,0.234301,0.342247,1,nan,1,1,1,1,1,1,84,30.2916,2.546164,2.624774,2.827845,3.081479,3.311306,3.556177,3.556633,3.540269,3.467731,3.311306
0.2,1.4,1.9,16,60,1,-18.0735,2.2934,3.11191,0.818506,1.87716,3.43123,1.49613,0.291441,0.348572,0.296109,0.297013,2.50038,1.09126,0.792675,0.176003,1,0,0.816645,3.11191,3.38466,3.11191,inverted,0.272755,0.873371,1.8874,4.5868,5.67806,2.08672,3.14159,0,nan,nan,nan,2.43591,1.47439,2.663,1.3315,0.971155,0.480764,0.480764,0.187055,0.36924,1,nan,1,1,1,1,1,1,85,28.1759,2.293400,2.379538,2.599311,2.869455,3.111906,3.384661,3.382716,3.359788,3.278369,3.111906
0.6,1.1,1.9,16,60,1,-18.2158,2.73001,3.4506,0.720587,1.96721,4.10339,1.50307,0.243701,0.309598,0.25479,0.255524,2.90565,0.977296,0.791724,0.134488,1,0,0.827073,3.4506,3.70731,3.4506,inverted,0.25671,0.790192,1.81267,5.46002,6.43732,2.53201,3.14159,1,5.24171,-1,nan,2.18418,1.19025,2.40686,1.20343,0.922631,0.496965,0.496965,0.267057,0.323137,1,nan,1,1,1,1,1,1,86,42.5523,2.730010,2.802492,2.991304,3.230261,3.450597,3.707307,3.704933,3.682258,3.605146,3.450597
0.3,1.4,1.9,16,60,1,-18.5927,2.47447,3.24335,0.768881,1.90257,3.75948,1.51931,0.265994,0.328415,0.274234,0.275062,2.6648,1.05567,0.78703,0.158405,1,0,0.845054,3.24335,3.53014,3.24335,inverted,0.286788,0.847136,1.99478,4.94894,6.00461,2.27008,3.14159,0,nan,nan,nan,2.31355,1.35063,2.53667,1.26833,0.940793,0.481462,0.481462,0.21868,0.346471,1,nan,1,1,1,1,1,1,87,25.4278,2.474469,2.553338,2.756716,3.010751,3.243350,3.530139,3.525010,3.494999,3.408292,3.243350
0.7,1.1,1.9,16,60,1,-18.7885,2.91472,3.5946,0.679875,1.98165,4.43979,1.52323,0.225236,0.292923,0.237757,0.238446,3.07784,0.944729,0.786781,0.122264,1,0,0.848739,3.5946,3.85945,3.5946,inverted,0.264854,0.764873,1.85857,5.82944,6.77417,2.72131,3.14159,1,5.43144,-1,nan,2.08768,1.09414,2.3051,1.15255,0.895794,0.496769,0.496769,0.299943,0.306409,1,nan,1,1,1,1,1,1,88,28.7193,2.914721,2.981848,3.157953,3.383422,3.594596,3.859450,3.854766,3.827046,3.746654,3.594596
0.4,1.4,1.9,16,60,1,-19.1351,2.65657,3.38015,0.723582,1.92225,4.09597,1.54183,0.244142,0.310068,0.254791,0.255558,2.83235,1.01961,0.781655,0.143229,1,0,0.867907,3.38015,3.67619,3.38015,inverted,0.296032,0.819924,2.09147,5.31314,6.33276,2.45583,3.14159,1,5.30266,1,5.30266,2.20333,1.23907,2.42189,1.21094,0.912497,0.482133,0.482133,0.251137,0.326735,1,nan,1,1,1,1,1,1,89,26.0473,2.656571,2.729150,2.917989,3.157191,3.380153,3.676186,3.668550,3.633078,3.542719,3.380153
0.4,0.8,1.8,16,60,1,-14.7602,2.03109,2.88155,0.850463,1.72737,3.1467,1.54927,0.317793,0.364362,0.316965,0.31787,2.25467,0.966776,0.778978,0.220608,1,0,0.634152,2.88155,2.99787,2.88155,inverted,0.116313,0.78131,1.27874,4.06218,5.02896,1.83867,3.14159,0,nan,nan,nan,2.60592,1.56173,2.8505,1.42525,1.05767,0.522094,0.522094,0.168617,0.400378,1,nan,1,1,1,1,1,1,90,60.378,2.031089,2.124638,2.360112,2.642418,2.881553,2.997866,3.016427,3.044696,3.017550,2.881553
0.5,1.4,1.9,16,60,1,-19.6984,2.83965,3.52188,0.682228,1.93729,4.44015,1.56363,0.225218,0.293346,0.237467,0.238185,3.00264,0.983832,0.776556,0.130044,1,0,0.886491,3.52188,3.82348,3.52188,inverted,0.301604,0.792462,2.1774,5.67929,6.66313,2.64344,3.14159,1,5.60543,1,5.60543,2.10407,1.13849,2.31757,1.15879,0.886175,0.482789,0.482789,0.283946,0.309486,1,nan,1,1,1,1,1,1,91,50.2898,2.839647,2.906746,3.082656,3.308229,3.521875,3.823480,3.813869,3.774205,3.681461,3.521875
0.5,0.8,1.8,16,60,1,-15.2648,2.21465,3.00999,0.795341,1.7614,3.48196,1.57224,0.287195,0.341327,0.291736,0.292542,2.41862,0.941137,0.773612,0.196053,1,0,0.677898,3.00999,3.15579,3.00999,inverted,0.145796,0.763588,1.3195,4.4293,5.37044,2.0221,3.14159,1,4.26078,-1,nan,2.46186,1.42064,2.70271,1.35135,1.02001,0.520612,0.520612,0.20147,0.371946,1,nan,1,1,1,1,1,1,92,30.7721,2.214649,2.299538,2.516045,2.780521,3.009991,3.155787,3.169375,3.185769,3.147704,3.009991
0.6,1.4,1.9,16,60,1,-20.2807,3.02364,3.6681,0.644453,1.9486,4.79144,1.58466,0.208706,0.278083,0.221989,0.222666,3.17536,0.948807,0.771729,0.118513,1,0,0.901746,3.6681,3.97245,3.6681,inverted,0.304354,0.765249,2.25291,6.04729,6.99609,2.83253,3.14159,2,5.87013,1,5.87013,2.01466,1.04779,2.22272,1.11136,0.861726,0.483433,0.483433,0.316686,0.294302,1,nan,1,1,1,1,1,1,93,40.923,3.023644,3.085937,3.250312,3.463381,3.668097,3.972451,3.961286,3.918435,3.824290,3.668097
0.6,0.8,1.8,16,60,1,-15.7954,2.39915,3.1443,0.745149,1.78773,3.82628,1.59485,0.26135,0.320412,0.269445,0.270179,2.58619,0.913788,0.768424,0.175329,1,0,0.715903,3.1443,3.31294,3.1443,inverted,0.168639,0.743428,1.35387,4.79831,5.7121,2.20862,3.14159,1,4.43734,-1,nan,2.33292,1.29464,2.56933,1.28466,0.985044,0.519143,0.519143,0.235536,0.347772,1,nan,1,1,1,1,1,1,94,67.8987,2.399154,2.476656,2.676460,2.924484,3.144303,3.312942,3.322370,3.328940,3.282311,3.144303
0.2,1.1,1.8,16,60,1,-15.7144,1.97148,2.81964,0.848165,1.67214,3.15492,1.60028,0.316965,0.361064,0.31462,0.315586,2.19391,1.04179,0.765984,0.236544,1,0,0.725586,2.81964,3.01327,2.81964,inverted,0.19363,0.833369,1.5384,3.94296,4.98475,1.77734,3.14159,0,nan,nan,nan,2.61582,1.62909,2.85139,1.4257,1.02903,0.493366,0.493366,0.153784,0.404774,1,nan,1,1,1,1,1,1,95,35.0756,1.971478,2.064678,2.298489,2.578436,2.819643,3.013272,3.021828,3.024663,2.970353,2.819643
0.7,1.4,1.9,16,60,1,-20.88,3.20851,3.81842,0.609913,1.95691,5.14931,1.60489,0.194201,0.264124,0.208118,0.20876,3.35021,0.914852,0.76717,0.108373,1,0,0.914377,3.81842,4.12336,3.81842,inverted,0.304938,0.738623,2.31868,6.41702,7.33187,3.0228,3.14159,2,6.10951,1,6.10951,1.93409,0.965948,2.1364,1.0682,0.839042,0.484069,0.484069,0.349,0.280848,1,nan,1,1,1,1,1,1,96,31.4441,3.208510,3.266564,3.420613,3.622215,3.818423,4.123361,4.110978,4.065740,3.970957,3.818423
0.7,0.8,1.8,16,60,1,-16.3495,2.58453,3.284,0.69947,1.8078,4.17917,1.61699,0.239282,0.301411,0.249708,0.250386,2.75684,0.885605,0.76343,0.157657,1,0,0.748925,3.284,3.47014,3.284,inverted,0.186134,0.721832,1.38296,5.16906,6.05467,2.39745,3.14159,1,4.61324,-1,nan,2.21749,1.18204,2.44886,1.22443,0.952655,0.517724,0.517724,0.270219,0.326997,1,nan,1,1,1,1,1,1,97,56.6773,2.584532,2.655676,2.840728,3.073642,3.284002,3.470137,3.476073,3.474525,3.421243,3.284002
0.3,1.1,1.8,16,60,1,-16.2057,2.15251,2.94492,0.79241,1.70567,3.50124,1.62658,0.285613,0.338083,0.289066,0.289925,2.35497,1.01117,0.760189,0.210054,1,0,0.767998,2.94492,3.16368,2.94492,inverted,0.21876,0.811944,1.62517,4.30503,5.3162,1.95797,3.14159,0,nan,nan,nan,2.46886,1.48208,2.70101,1.3505,0.993021,0.493389,0.493389,0.185696,0.375584,1,nan,1,1,1,1,1,1,98,38.3031,2.152514,2.236862,2.451446,2.713528,2.944924,3.163684,3.167588,3.159728,3.096276,2.944924
0.4,1.1,1.8,16,60,1,-16.7244,2.33464,3.07634,0.741702,1.73161,3.85762,1.65234,0.259227,0.317274,0.266531,0.26731,2.51988,0.978523,0.754629,0.187691,1,0,0.80238,3.07634,3.31316,3.07634,inverted,0.236821,0.787981,1.70057,4.66928,5.64781,2.14195,3.14159,1,4.65562,1,4.65562,2.33724,1.35048,2.5652,1.2826,0.959526,0.493379,0.493379,0.219132,0.350796,1,nan,1,1,1,1,1,1,99,28.1191,2.334642,2.411463,2.609149,2.854754,3.076344,3.313165,3.313379,3.297124,3.226954,3.076344
0.5,1.1,1.8,16,60,1,-17.2677,2.51779,3.21341,0.695618,1.75142,4.22346,1.67745,0.236773,0.298415,0.24662,0.247337,2.68811,0.945073,0.74932,0.168615,1,0,0.830511,3.21341,3.46286,3.21341,inverted,0.249454,0.762678,1.76539,5.03558,5.98065,2.32849,3.14159,1,4.96769,-1,nan,2.2194,1.23267,2.44251,1.22126,0.928447,0.493365,0.493365,0.253479,0.32952,1,nan,1,1,1,1,1,1,100,30.878,2.517790,2.588153,2.770947,3.001430,3.213408,3.462862,3.460126,3.437282,3.362269,3.213408
0.2,1.4,1.8,16,60,1,-17.6595,2.26235,3.00966,0.747309,1.69068,3.82709,1.69164,0.261295,0.318607,0.267785,0.268604,2.44874,1.02236,0.745699,0.200035,1,0,0.842605,3.00966,3.28471,3.00966,inverted,0.275047,0.818746,1.88265,4.5247,5.54706,2.06711,3.14159,0,nan,nan,nan,2.36594,1.4099,2.58986,1.29493,0.950556,0.478023,0.478023,0.202867,0.355953,1,nan,1,1,1,1,1,1,101,32.3357,2.262352,2.339725,2.538385,2.785043,3.009661,3.284707,3.279898,3.251337,3.168273,3.009661
0.6,1.1,1.8,16,60,1,-17.8329,2.70189,3.35563,0.653735,1.76632,4.59812,1.70181,0.21748,0.281305,0.228981,0.22965,2.85919,0.911632,0.74427,0.152201,1,0,0.853699,3.35563,3.61352,3.35563,inverted,0.257897,0.736869,1.82075,5.40379,6.31542,2.51697,3.14159,1,5.16278,-1,nan,2.11389,1.12716,2.33163,1.16582,0.89967,0.493364,0.493364,0.288174,0.311085,1,nan,1,1,1,1,1,1,102,28.7054,2.701893,2.766671,2.936299,3.152943,3.355627,3.613524,3.608425,3.580422,3.502026,3.355627
0.3,1.4,1.8,16,60,1,-18.1914,2.44369,3.144,0.700306,1.71133,4.20038,1.71887,0.238074,0.299604,0.247408,0.248159,2.61473,0.985713,0.740186,0.179441,1,0,0.86813,3.144,3.4294,3.144,inverted,0.285406,0.791366,1.99416,4.88738,5.87309,2.25162,3.14159,0,nan,nan,nan,2.24432,1.28645,2.46371,1.23185,0.92004,0.478937,0.478937,0.23676,0.33387,1,nan,1,1,1,1,1,1,103,35.1443,2.443689,2.514398,2.697808,2.929137,3.143996,3.429402,3.421920,3.387512,3.300418,3.143996
0.7,1.1,1.8,16,60,1,-18.418,2.88689,3.50254,0.615647,1.77731,4.98098,1.72538,0.200764,0.265758,0.213307,0.213936,3.03277,0.878743,0.73948,0.137972,1,0,0.872941,3.50254,3.76564,3.50254,inverted,0.263096,0.71113,1.86785,5.77379,6.65253,2.70697,3.14159,1,5.35562,-1,nan,2.01941,1.03263,2.23133,1.11567,0.873064,0.493387,0.493387,0.322729,0.29498,1,nan,1,1,1,1,1,1,104,31.3489,2.886893,2.946806,3.104754,3.308753,3.502539,3.765635,3.758644,3.726623,3.645982,3.502539
0.3,0.8,1.7,16,60,1,-13.8496,1.82244,2.65291,0.830478,1.51349,3.15969,1.73378,0.316486,0.355089,0.311954,0.312879,2.04374,0.938539,0.736078,0.284046,1,0,0.62844,2.65291,2.76098,2.65291,inverted,0.108062,0.755039,1.23149,3.64487,4.58341,1.64034,-2.35619,0,nan,nan,nan,2.68471,1.65077,2.92901,1.4645,1.07137,0.516971,0.516971,0.150283,0.417371,1,nan,1,1,1,1,1,1,105,33.38,1.822436,1.915350,2.147263,2.422269,2.652914,2.760975,2.779339,2.807633,2.782787,2.652914
0.4,1.4,1.8,16,60,1,-18.7463,2.6261,3.28373,0.657625,1.72699,4.58304,1.74519,0.218196,0.282387,0.229391,0.23009,2.78378,0.949144,0.734971,0.16174,1,0,0.888411,3.28373,3.57525,3.28373,inverted,0.291519,0.763497,2.0946,5.2522,6.20135,2.43832,3.14159,1,5.23148,1,5.23148,2.13542,1.17578,2.34968,1.17484,0.891739,0.479822,0.479822,0.271277,0.314777,1,nan,1,1,1,1,1,1,106,32.0507,2.626102,2.691067,2.861021,3.078325,3.283727,3.575246,3.565703,3.526906,3.437239,3.283727
0.4,0.8,1.7,16,60,1,-14.3384,2.00506,2.77784,0.772778,1.54947,3.53281,1.76195,0.283061,0.330988,0.285137,0.285945,2.20523,0.91323,0.730547,0.249795,1,0,0.678201,2.77784,2.91829,2.77784,inverted,0.140453,0.738215,1.28239,4.01012,4.92335,1.82273,3.14159,1,4.00193,-1,nan,2.52349,1.49205,2.76428,1.38214,1.03046,0.51572,0.51572,0.184036,0.384585,1,nan,1,1,1,1,1,1,107,29.7656,2.005062,2.088572,2.300284,2.556809,2.777840,2.918292,2.931262,2.946746,2.910021,2.777840
0.5,1.4,1.8,16,60,1,-19.322,2.80953,3.42838,0.618848,1.73867,4.97434,1.77053,0.201032,0.266761,0.213415,0.21407,2.95552,0.913284,0.730053,0.146411,1,0,0.904723,3.42838,3.72281,3.42838,inverted,0.294436,0.735778,2.18374,5.61905,6.53234,2.62672,3.14159,1,5.52995,1,5.52995,2.0379,1.07653,2.24655,1.12328,0.865541,0.480683,0.480683,0.305892,0.298128,1,nan,1,1,1,1,1,1,108,26.4794,2.809527,2.869505,3.027547,3.232041,3.428376,3.722812,3.711681,3.669624,3.578492,3.428376
0.5,0.8,1.7,16,60,1,-14.8565,2.18875,2.90926,0.720512,1.57702,3.91717,1.78968,0.255287,0.309242,0.261639,0.262364,2.37089,0.885468,0.725204,0.221316,1,0,0.720451,2.90926,3.07422,2.90926,inverted,0.164956,0.718175,1.32487,4.37751,5.26297,2.00761,3.14159,1,4.18199,-1,nan,2.38011,1.35121,2.61653,1.30826,0.992591,0.514449,0.514449,0.219524,0.357135,1,nan,1,1,1,1,1,1,109,30.9929,2.188753,2.264358,2.458438,2.697945,2.909265,3.074221,3.082787,3.087895,3.042060,2.909265
0.6,1.4,1.8,16,60,1,-19.9164,2.99391,3.57749,0.583585,1.7472,5.37358,1.79484,0.186096,0.252552,0.199201,0.199819,3.12961,0.878533,0.725427,0.133051,1,0,0.917985,3.57749,3.87244,3.57749,inverted,0.294948,0.708635,2.26185,5.98781,6.86635,2.81647,3.14159,2,5.79347,1,5.79347,1.95054,0.987491,2.15323,1.07661,0.841322,0.481524,0.481524,0.34016,0.283501,1,nan,1,1,1,1,1,1,110,51.5599,2.993907,3.049524,3.196982,3.389785,3.577492,3.872440,3.860094,3.815656,3.723903,3.577492
0.6,0.8,1.7,16,60,1,-15.4006,2.37342,3.04664,0.673216,1.59783,4.31213,1.81684,0.231904,0.289614,0.241009,0.241672,2.54007,0.85648,0.720073,0.197342,1,0,0.756415,3.04664,3.2299,3.04664,inverted,0.183264,0.69625,1.36038,4.74685,5.60333,2.19528,3.14159,1,4.36063,-1,nan,2.25259,1.22617,2.48391,1.24196,0.957627,0.51321,0.51321,0.256011,0.333856,1,nan,1,1,1,1,1,1,111,26.0506,2.373424,2.442312,2.620958,2.844890,3.046640,3.229904,3.234848,3.231552,3.178802,3.046640
0.7,1.4,1.8,16,60,1,-20.5275,3.17918,3.73066,0.551475,1.75324,5.7801,1.81811,0.173007,0.239603,0.186511,0.187098,3.3058,0.845131,0.721083,0.121341,1,0,0.928872,3.73066,4.02432,3.73066,inverted,0.293657,0.682337,2.32957,6.35837,7.2035,3.00731,3.14159,2,6.03458,1,6.03458,1.87222,0.907538,2.06869,1.03434,0.818956,0.482344,0.482344,0.373716,0.270564,1,nan,1,1,1,1,1,1,112,42.0578,3.179184,3.230965,3.368985,3.551116,3.730659,4.024315,4.011046,3.964919,3.873185,3.730659
0.2,1.1,1.7,16,60,1,-15.2865,1.94204,2.7144,0.77236,1.49996,3.5353,1.8204,0.282861,0.328853,0.283645,0.284508,2.14159,0.979491,0.718351,0.267353,1,0,0.762061,2.7144,2.92154,2.7144,inverted,0.207131,0.784062,1.5355,3.88409,4.86358,1.75775,3.14159,0,nan,nan,nan,2.53898,1.56076,2.77153,1.38577,1.00572,0.489111,0.489111,0.167796,0.389375,1,nan,1,1,1,1,1,1,113,27.4403,1.942044,2.025407,2.236078,2.491094,2.714405,2.921536,2.925725,2.919198,2.859318,2.714405
0.7,0.8,1.7,16,60,1,-15.968,2.559,3.18943,0.630424,1.61326,4.71705,1.84332,0.211997,0.27188,0.222846,0.223461,2.71222,0.827102,0.715164,0.176951,1,0,0.787064,3.18943,3.3861,3.18943,inverted,0.196678,0.673386,1.39018,5.118,5.9451,2.38501,3.14159,1,4.53855,-1,nan,2.13914,1.11508,2.36478,1.18239,0.925413,0.512034,0.512034,0.292831,0.313896,1,nan,1,1,1,1,1,1,114,27.853,2.559001,2.622130,2.787217,2.996947,3.189425,3.386103,3.388063,3.377974,3.320052,3.189425
0.3,1.1,1.7,16,60,1,-15.7912,2.12326,2.84264,0.719376,1.52742,3.93214,1.85193,0.254314,0.30713,0.259778,0.260549,2.30438,0.946734,0.712626,0.236614,1,0,0.801324,2.84264,3.07,2.84264,inverted,0.227358,0.760473,1.62632,4.24653,5.19326,1.93989,3.14159,0,nan,nan,nan,2.3921,1.41336,2.62063,1.31031,0.969363,0.489369,0.489369,0.202407,0.361074,1,nan,1,1,1,1,1,1,115,23.1094,2.123263,2.198519,2.391266,2.629187,2.842638,3.069996,3.070179,3.054534,2.987216,2.842638
0.4,1.1,1.7,16,60,1,-16.3234,2.30562,2.97711,0.671491,1.5482,4.34069,1.88265,0.230378,0.287573,0.238869,0.239573,2.47095,0.912643,0.707172,0.210745,1,0,0.832588,2.97711,3.21826,2.97711,inverted,0.241152,0.734997,1.70506,4.61124,5.52388,2.1251,3.14159,1,4.58144,1,4.58144,2.26142,1.28221,2.48513,1.24256,0.935731,0.489601,0.489601,0.238377,0.337114,1,nan,1,1,1,1,1,1,116,28.2181,2.305619,2.374014,2.551108,2.773389,2.977110,3.218263,3.215322,3.192691,3.120140,2.977110
0.5,1.1,1.7,16,60,1,-16.8799,2.48904,3.11727,0.628228,1.56368,4.76011,1.91243,0.210079,0.269945,0.220506,0.221156,2.64074,0.87833,0.701999,0.188747,1,0,0.857755,3.11727,3.36737,3.11727,inverted,0.250101,0.708736,1.77246,4.97808,5.85641,2.31263,3.14159,1,4.88611,-1,nan,2.14518,1.16552,2.36341,1.1817,0.904698,0.489832,0.489832,0.275008,0.316603,1,nan,1,1,1,1,1,1,117,28.9875,2.489039,2.551571,2.714948,2.922980,3.117267,3.367369,3.361984,3.334008,3.257901,3.117267
0.2,1.4,1.7,16,60,1,-17.2521,2.23093,2.9089,0.677972,1.51251,4.2985,1.92677,0.23264,0.28951,0.240507,0.241245,2.39761,0.951741,0.698975,0.22439,1,0,0.866853,2.9089,3.18267,2.9089,inverted,0.273769,0.762708,1.87789,4.46186,5.4136,2.04768,3.14159,0,nan,nan,nan,2.29305,1.34195,2.51338,1.25669,0.929191,0.475548,0.475548,0.22083,0.34241,1,nan,1,1,1,1,1,1,118,30.0867,2.230928,2.299944,2.478288,2.702044,2.908900,3.182669,3.175496,3.142516,3.059033,2.908900
0.6,1.1,1.7,16,60,1,-17.4583,2.67345,3.26258,0.589123,1.57499,5.1896,1.94116,0.192693,0.25403,0.204324,0.204931,2.81332,0.844509,0.697112,0.169878,1,0,0.878201,3.26258,3.51796,3.26258,inverted,0.255386,0.682431,1.82965,5.34691,6.19142,2.50191,3.14159,1,5.08505,-1,nan,2.04177,1.06162,2.25399,1.12699,0.876119,0.490073,0.490073,0.311682,0.298874,1,nan,1,1,1,1,1,1,119,31.5625,2.673454,2.730934,2.882246,3.077324,3.262577,3.517963,3.510663,3.478625,3.400239,3.262577
0.3,1.4,1.7,16,60,1,-17.7973,2.41259,3.04632,0.633726,1.52892,4.72604,1.95891,0.211594,0.271702,0.22166,0.22234,2.56522,0.914412,0.693628,0.200634,1,0,0.889396,3.04632,3.327,3.04632,inverted,0.280686,0.734494,1.99373,4.82518,5.7396,2.23328,3.14159,0,nan,nan,nan,2.1726,1.2192,2.38778,1.19389,0.898584,0.476701,0.476701,0.257139,0.321051,1,nan,1,1,1,1,1,1,120,28.2892,2.412592,2.475543,2.639800,2.849066,3.046318,3.327004,3.317647,3.279992,3.193660,3.046318
0.7,1.1,1.7,16,60,1,-18.056,2.8588,3.41254,0.55374,1.58303,5.62837,1.96879,0.177671,0.239633,0.190012,0.190585,2.98832,0.811639,0.692508,0.153573,1,0,0.894951,3.41254,3.67044,3.41254,inverted,0.257899,0.656571,1.87796,5.7176,6.52924,2.69256,3.14159,2,5.28131,-1,5.28699,1.94971,0.969053,2.15554,1.07777,0.849838,0.490331,0.490331,0.347883,0.283417,1,nan,1,1,1,1,1,1,121,26.4485,2.858800,2.911894,3.052550,3.235864,3.412540,3.670439,3.661644,3.626547,3.546858,3.412540
0.3,0.8,1.6,16,60,1,-13.4202,1.79572,2.54752,0.751801,1.35002,3.56703,1.98641,0.280345,0.321317,0.279431,0.280249,1.99289,0.884467,0.687779,0.318714,1,0,0.674527,2.54752,2.68019,2.54752,inverted,0.132667,0.711992,1.23337,3.59144,4.4759,1.62415,3.14159,0,nan,nan,nan,2.59847,1.57737,2.83921,1.4196,1.04352,0.510554,0.510554,0.16496,0.400159,1,nan,1,1,1,1,1,1,122,33.221,1.795718,1.878231,2.085832,2.334863,2.547519,2.680185,2.692878,2.708280,2.673745,2.547519
0.4,1.4,1.7,16,60,1,-18.3654,2.59538,3.18915,0.59377,1.54106,5.16422,1.98978,0.19364,0.255647,0.205088,0.205722,2.73583,0.877687,0.688605,0.180288,1,0,0.90709,3.18915,3.47306,3.18915,inverted,0.283917,0.706272,2.09814,5.19075,6.06844,2.42088,3.14159,1,5.16003,1,5.16003,2.06544,1.10981,2.27487,1.13743,0.870352,0.477815,0.477815,0.293792,0.302634,1,nan,1,1,1,1,1,1,123,40.8547,2.595377,2.653120,2.805015,3.001113,3.189148,3.473064,3.462065,3.421026,3.333115,3.189148
0.5,1.4,1.7,16,60,1,-18.954,2.77922,3.33687,0.557656,1.54985,5.61211,2.01931,0.178186,0.241138,0.190465,0.191061,2.90906,0.842091,0.683901,0.16273,1,0,0.921169,3.33687,3.62131,3.33687,inverted,0.284435,0.678585,2.19072,5.55843,6.40052,2.61004,3.14159,2,5.45539,1,5.45539,1.97007,1.01228,2.17331,1.08665,0.844358,0.478894,0.478894,0.330224,0.286613,1,nan,1,1,1,1,1,1,124,37.3404,2.779215,2.832452,2.973455,3.157599,3.336872,3.621307,3.609081,3.565640,3.477098,3.336872
0.4,0.8,1.6,16,60,1,-13.9233,1.97847,2.67555,0.697073,1.37914,3.99818,2.02084,0.250114,0.298572,0.254464,0.255185,2.15625,0.856615,0.682265,0.279371,1,0,0.722486,2.67555,2.83509,2.67555,inverted,0.159542,0.692436,1.28683,3.95695,4.81356,1.80698,3.14159,1,3.92047,-1,nan,2.43742,1.41835,2.67396,1.33698,1.00223,0.509537,0.509537,0.201761,0.368505,1,nan,1,1,1,1,1,1,125,40.1919,1.978474,2.052427,2.241262,2.472623,2.675548,2.835089,2.843036,2.847284,2.802855,2.675548
0.6,1.4,1.7,16,60,1,-19.5609,2.96404,3.48901,0.524968,1.55603,6.06883,2.04749,0.164776,0.227996,0.177513,0.178075,3.08459,0.807932,0.679505,0.147478,1,0,0.932508,3.48901,3.77197,3.48901,inverted,0.282965,0.651778,2.27158,5.92808,6.73601,2.80043,3.14159,2,5.71927,1,5.71927,1.88515,0.925276,2.08187,1.04094,0.820453,0.479937,0.479937,0.365971,0.272568,1,nan,1,1,1,1,1,1,126,36.2593,2.964041,3.013351,3.144718,3.318010,3.489009,3.771974,3.758842,3.713755,3.625286,3.489009
0.5,0.8,1.6,16,60,1,-14.4557,2.16234,2.81019,0.647857,1.40089,4.44264,2.05455,0.225091,0.27819,0.232754,0.233404,2.32367,0.826927,0.676979,0.246754,1,0,0.762284,2.81019,2.98926,2.81019,inverted,0.17907,0.670339,1.33107,4.32467,5.1516,1.99321,3.14159,1,4.10313,-1,nan,2.29523,1.27819,2.52668,1.26334,0.964242,0.508522,0.508522,0.240098,0.342084,1,nan,1,1,1,1,1,1,127,27.6882,2.162337,2.229129,2.401703,2.616944,2.810195,2.989264,2.993405,2.988833,2.937088,2.810195
0.7,1.4,1.7,16,60,1,-20.1841,3.14979,3.64512,0.495328,1.56018,6.53358,2.07429,0.153056,0.21606,0.165994,0.166527,3.26214,0.775375,0.675403,0.134154,1,0,0.941741,3.64512,3.92517,3.64512,inverted,0.280047,0.626053,2.34134,6.29958,7.07496,2.9918,3.14159,2,5.96283,1,5.96283,1.80945,0.847566,1.99945,0.999723,0.798489,0.480944,0.480944,0.400673,0.260168,1,nan,1,1,1,1,1,1,128,47.8595,3.149792,3.195657,3.318463,3.481899,3.645120,3.925167,3.911381,3.865229,3.777355,3.645120
0.6,0.8,1.6,16,60,1,-15.014,2.34722,2.95084,0.60362,1.41683,4.89955,2.08738,0.2041,0.259909,0.213821,0.214419,2.49448,0.796567,0.671938,0.219376,1,0,0.795428,2.95084,3.14379,2.95084,inverted,0.192947,0.646959,1.36771,4.69444,5.49101,2.18193,3.14159,1,4.28427,-1,nan,2.16968,1.15457,2.3953,1.19765,0.929388,0.507554,0.507554,0.279131,0.319741,1,nan,1,1,1,1,1,1,129,64.9101,2.347221,2.407954,2.566384,2.766999,2.950841,3.143788,3.144863,3.133325,3.076259,2.950841
0.2,1.1,1.6,16,60,1,-14.8648,1.9121,2.61049,0.698393,1.3354,3.99264,2.08809,0.250461,0.297532,0.253753,0.254522,2.08972,0.91456,0.67092,0.298765,1,0,0.797286,2.61049,2.82666,2.61049,inverted,0.216167,0.732559,1.53276,3.82419,4.73875,1.73839,3.14159,0,nan,nan,nan,2.45838,1.48818,2.68754,1.34377,0.981462,0.485102,0.485102,0.183966,0.373645,1,nan,1,1,1,1,1,1,130,40.6311,1.912097,1.986078,2.174442,2.405084,2.610490,2.826657,2.827066,2.812637,2.748760,2.610490
0.7,0.8,1.6,16,60,1,-15.5952,2.53305,3.09689,0.563845,1.42825,5.36804,2.1192,0.186288,0.243488,0.19725,0.197806,2.66818,0.766309,0.667151,0.196158,1,0,0.823108,3.09689,3.29936,3.09689,inverted,0.202464,0.623159,1.39814,5.0661,5.83241,2.37247,3.14159,1,4.46453,-1,nan,2.05878,1.04546,2.27799,1.13899,0.897471,0.506658,0.506658,0.318128,0.300631,1,nan,1,1,1,1,1,1,131,69.0443,2.533048,2.588606,2.734681,2.922061,3.096893,3.299358,3.297961,3.280941,3.220102,3.096893
0.3,1.1,1.6,16,60,1,-15.3838,2.09355,2.74192,0.648367,1.35739,4.45119,2.12614,0.224659,0.277133,0.231632,0.232323,2.25431,0.880014,0.6653,0.26351,1,0,0.832861,2.74192,2.97356,2.74192,inverted,0.231647,0.707128,1.62791,4.1871,5.06711,1.92197,3.14159,0,nan,nan,nan,2.31205,1.34079,2.5365,1.26825,0.944824,0.485631,0.485631,0.221534,0.346288,1,nan,1,1,1,1,1,1,132,35.9616,2.093550,2.160165,2.331945,2.546344,2.741917,2.973564,2.970603,2.948615,2.878941,2.741917
0.4,1.1,1.6,16,60,1,-15.9301,2.27619,2.87966,0.603464,1.3736,4.92336,2.16298,0.203113,0.258883,0.21239,0.213023,2.42258,0.844859,0.659988,0.233942,1,0,0.860675,2.87966,3.12105,2.87966,inverted,0.241396,0.680487,1.71022,4.55239,5.39725,2.10834,3.14159,1,4.50589,1,4.50589,2.18283,1.21055,2.40174,1.20087,0.911142,0.486138,0.486138,0.26021,0.3232,1,nan,1,1,1,1,1,1,133,28.8082,2.276194,2.336603,2.493999,2.693666,2.879658,3.121053,3.115524,3.087912,3.014408,2.879658
0.5,1.1,1.6,16,60,1,-16.5006,2.45995,3.0231,0.563151,1.38532,5.40807,2.19845,0.184909,0.242526,0.195596,0.196182,2.594,0.810075,0.654989,0.208886,1,0,0.882703,3.0231,3.27002,3.0231,inverted,0.246924,0.653618,1.78035,4.9199,5.72997,2.29679,3.14159,2,4.767,1,4.767,2.06872,1.09544,2.28143,1.14072,0.880253,0.486639,0.486639,0.299207,0.303492,1,nan,1,1,1,1,1,1,134,28.8502,2.459949,2.515077,2.659945,2.846293,3.023099,3.270023,3.262535,3.230759,3.154889,3.023099
0.2,1.4,1.6,16,60,1,-16.8521,2.19916,2.80982,0.610661,1.34294,4.86586,2.2126,0.205514,0.261342,0.214345,0.215008,2.34707,0.879667,0.652546,0.249018,1,0,0.889156,2.80982,3.07883,2.80982,inverted,0.269005,0.705457,1.87307,4.39832,5.27799,2.02841,3.14159,0,nan,nan,nan,2.21712,1.27034,2.43339,1.21669,0.907003,0.473387,0.473387,0.241304,0.328599,1,nan,1,1,1,1,1,1,135,33.3229,2.199161,2.260244,2.419117,2.620617,2.809823,3.078828,3.069788,3.033587,2.950880,2.809823
0.6,1.1,1.6,16,60,1,-17.0926,2.64474,3.17166,0.526922,1.39357,5.90426,2.23245,0.169369,0.227834,0.180878,0.181427,2.76811,0.776262,0.650303,0.187465,1,0,0.900346,3.17166,3.421,3.17166,inverted,0.24934,0.627152,1.83945,5.28948,6.06574,2.48682,3.14159,2,4.99602,1,4.99602,1.9679,0.993611,2.17393,1.08697,0.85198,0.487143,0.487143,0.337861,0.2865,1,nan,1,1,1,1,1,1,136,25.629,2.644740,2.695337,2.829242,3.003566,3.171662,3.421002,3.412022,3.377203,3.300056,3.171662
0.3,1.4,1.6,16,60,1,-17.4113,2.38122,2.95053,0.569304,1.35564,5.35937,2.25068,0.186589,0.244769,0.197054,0.197666,2.51636,0.842058,0.6474,0.221934,1,0,0.908701,2.95053,3.22328,2.95053,inverted,0.272753,0.67675,1.99347,4.76244,5.6045,2.21506,3.14159,1,4.76211,1,4.76211,2.09834,1.14875,2.30875,1.15438,0.876384,0.474799,0.474799,0.280156,0.308008,1,nan,1,1,1,1,1,1,137,26.1491,2.381222,2.436827,2.582793,2.770700,2.950526,3.223279,3.212515,3.172734,3.088267,2.950526
0.2,0.8,1.5,16,60,1,-12.5123,1.58672,2.3195,0.732774,1.16271,3.57693,2.25429,0.279569,0.312476,0.274863,0.275703,1.78195,0.854465,0.645341,0.409029,1,0,0.664915,2.3195,2.44119,2.3195,inverted,0.121691,0.684536,1.16782,3.17345,4.02791,1.42668,-2.35619,0,nan,nan,nan,2.69088,1.6808,2.93148,1.46574,1.05984,0.505036,0.505036,0.144187,0.419796,1,nan,1,1,1,1,1,1,138,23.6991,1.586725,1.668752,1.873126,2.115194,2.319499,2.441190,2.454069,2.470459,2.439202,2.319499
0.7,1.1,1.6,16,60,1,-17.7036,2.8305,3.32481,0.494314,1.39916,6.41091,2.26494,0.155984,0.214603,0.167925,0.168442,2.94458,0.743777,0.645919,0.169016,1,0,0.914623,3.32481,3.57428,3.32481,inverted,0.249463,0.601488,1.88897,5.661,6.40478,2.67808,3.14159,2,5.20892,-1,5.20906,1.87875,0.903448,2.07776,1.03888,0.826133,0.48765,0.48765,0.375638,0.271719,1,nan,1,1,1,1,1,1,139,34.6552,2.830499,2.877174,3.001445,3.164914,3.324813,3.574276,3.564169,3.527169,3.449558,3.324813
0.4,1.4,1.6,16,60,1,-17.9931,2.56445,3.09663,0.532178,1.36475,5.86493,2.28701,0.170505,0.229901,0.181938,0.18251,2.68859,0.805563,0.642605,0.198822,1,0,0.923859,3.09663,3.37002,3.09663,inverted,0.273385,0.648499,2.10211,5.1289,5.93447,2.40352,3.14159,1,5.08869,1,5.08869,1.99342,1.04111,2.19741,1.0987,0.848313,0.476156,0.476156,0.318987,0.290302,1,nan,1,1,1,1,1,1,140,33.9679,2.564452,2.615374,2.750077,2.925718,3.096630,3.370015,3.357997,3.315755,3.230609,3.096630
0.3,0.8,1.5,16,60,1,-12.9973,1.76839,2.44349,0.675097,1.19384,4.06303,2.29758,0.246122,0.288512,0.248086,0.248807,1.9425,0.827117,0.639636,0.354034,1,0,0.720958,2.44349,2.59551,2.44349,inverted,0.15202,0.666073,1.23596,3.53678,4.3639,1.60694,3.14159,0,nan,nan,nan,2.50786,1.49917,2.74459,1.37229,1.01449,0.504346,0.504346,0.182059,0.382585,1,nan,1,1,1,1,1,1,141,62.0789,1.768392,1.841014,2.025213,2.248865,2.443489,2.595509,2.603137,2.607253,2.564963,2.443489
0.5,1.4,1.6,16,60,1,-18.5951,2.74878,3.24758,0.498802,1.3711,6.38138,2.32154,0.156706,0.216524,0.168669,0.169206,2.86336,0.77059,0.638148,0.178949,1,0,0.935794,3.24758,3.51937,3.24758,inverted,0.271788,0.621146,2.19836,5.49755,6.26814,2.5934,3.14159,2,5.38242,1,5.38242,1.90068,0.945761,2.09784,1.04892,0.822618,0.47746,0.47746,0.357198,0.27494,1,nan,1,1,1,1,1,1,142,25.6018,2.748775,2.795660,2.920488,3.085065,3.247578,3.519365,3.506450,3.462585,3.377547,3.247578
0.4,0.8,1.5,16,60,1,-13.5157,1.95132,2.5749,0.623574,1.2168,4.56611,2.34,0.219005,0.267212,0.225046,0.225686,2.10779,0.796942,0.634175,0.309282,1,0,0.765961,2.5749,2.74827,2.5749,inverted,0.173368,0.644068,1.29212,3.90265,4.69959,1.79138,3.14159,1,3.83881,-1,nan,2.34757,1.34034,2.5793,1.28965,0.972915,0.503615,0.503615,0.22222,0.352125,1,nan,1,1,1,1,1,1,143,28.0451,1.951324,2.016220,2.183137,2.390032,2.574898,2.748266,2.751822,2.746509,2.696300,2.574898
0.6,1.4,1.6,16,60,1,-19.215,2.93412,3.40286,0.46874,1.37534,6.90763,2.35424,0.144767,0.204455,0.156967,0.157475,3.04037,0.73735,0.634013,0.161747,1,0,0.94532,3.40286,3.67147,3.40286,inverted,0.26861,0.594948,2.28217,5.86824,6.60559,2.7844,3.14159,2,5.64795,1,5.64795,1.81863,0.861214,2.0087,1.00435,0.799124,0.478709,0.478709,0.394324,0.261501,1,nan,1,1,1,1,1,1,144,29.5057,2.934119,2.977498,3.093627,3.248217,3.402859,3.671469,3.657927,3.613070,3.528709,3.402859
0.5,0.8,1.5,16,60,1,-14.0632,2.13541,2.71302,0.577603,1.23342,5.08501,2.38128,0.196657,0.248266,0.205173,0.205753,2.277,0.765637,0.628984,0.272304,1,0,0.80239,2.71302,2.90105,2.71302,inverted,0.188034,0.620262,1.33816,4.27083,5.03646,1.97885,3.14159,1,4.02462,-1,nan,2.20722,1.2014,2.43303,1.21651,0.934934,0.502906,0.502906,0.263609,0.326788,1,nan,1,1,1,1,1,1,145,30.2237,2.135413,2.193878,2.345934,2.537698,2.713016,2.901050,2.901414,2.888857,2.833066,2.713016
0.7,1.4,1.6,16,60,1,-19.8507,3.12041,3.56201,0.441601,1.37798,7.44267,2.38516,0.13436,0.193531,0.146601,0.147083,3.21933,0.705931,0.630181,0.146771,1,0,0.953013,3.56201,3.82634,3.56201,inverted,0.26433,0.57004,2.35408,6.24083,6.94676,2.9763,3.14159,2,5.89455,1,5.89455,1.74594,0.78614,1.92877,0.964386,0.777657,0.4799,0.4799,0.430025,0.249661,1,nan,1,1,1,1,1,1,146,47.5699,3.120414,3.160725,3.269156,3.414719,3.562015,3.826344,3.812383,3.767010,3.683732,3.562015
0.2,1.1,1.5,16,60,1,-14.4501,1.88165,2.50811,0.626459,1.17878,4.54924,2.41769,0.219817,0.267182,0.225033,0.225715,2.03837,0.847158,0.623731,0.330742,1,0,0.830629,2.50811,2.72881,2.50811,inverted,0.220699,0.679012,1.53018,3.7633,4.61046,1.71925,3.14159,0,nan,nan,nan,2.37379,1.41099,2.59909,1.29954,0.95618,0.4814,0.4814,0.20272,0.357569,1,nan,1,1,1,1,1,1,147,35.0644,1.881649,1.946725,2.113677,2.320573,2.508107,2.728807,2.726042,2.705214,2.638909,2.508107
0.6,0.8,1.5,16,60,1,-14.6364,2.32057,2.85715,0.536583,1.24518,5.61855,2.4212,0.177982,0.231387,0.187964,0.188499,2.4495,0.734274,0.624076,0.241366,1,0,0.832045,2.85715,3.05484,2.85715,inverted,0.197691,0.595808,1.37589,4.64114,5.37541,2.16852,3.14159,1,4.20868,-1,nan,2.08429,1.07978,2.30345,1.15172,0.900328,0.502253,0.502253,0.305276,0.305425,1,nan,1,1,1,1,1,1,148,28.3745,2.320568,2.373618,2.512836,2.690991,2.857151,3.054842,3.052699,3.034593,2.974986,2.857151
0.7,0.8,1.5,16,60,1,-15.2322,2.50671,3.00665,0.499944,1.25321,6.16559,2.45964,0.16219,0.21632,0.172995,0.173495,2.62479,0.703533,0.619453,0.215214,1,0,0.856313,3.00665,3.21024,3.00665,inverted,0.203589,0.571457,1.40689,5.01342,5.71695,2.35979,3.14159,1,4.39163,-1,nan,1.97654,0.973194,2.18851,1.09426,0.868857,0.501674,0.501674,0.346432,0.287201,1,nan,1,1,1,1,1,1,149,49.8825,2.506708,2.555152,2.683222,2.849163,3.006652,3.210242,3.206132,3.183802,3.121709,3.006652
0.3,1.1,1.5,16,60,1,-14.9842,2.0634,2.64299,0.579583,1.19591,5.08402,2.4639,0.196695,0.248173,0.204713,0.205329,2.20482,0.811255,0.618257,0.290689,1,0,0.862112,2.64299,2.87466,2.64299,inverted,0.231672,0.652127,1.62995,4.1268,4.93806,1.90419,3.14159,1,4.12511,1,4.12511,2.22862,1.26414,2.4484,1.2242,0.919349,0.48224,0.48224,0.243505,0.331212,1,nan,1,1,1,1,1,1,150,21.673,2.063402,2.121842,2.273587,2.465178,2.642985,2.874658,2.869142,2.842264,2.771715,2.642985
0.4,1.1,1.5,16,60,1,-15.5454,2.2464,2.78422,0.537818,1.20816,5.63467,2.50831,0.177473,0.231279,0.18717,0.187736,2.37486,0.775486,0.61313,0.257225,1,0,0.886277,2.78422,3.02189,2.78422,inverted,0.237668,0.624716,1.71609,4.49281,5.2683,2.09164,3.14159,1,4.42974,1,4.42974,2.10147,1.13536,2.31491,1.15745,0.885725,0.483052,0.483052,0.285032,0.309046,1,nan,1,1,1,1,1,1,151,38.3187,2.246405,2.299282,2.437931,2.615766,2.784223,3.021891,3.014339,2.983123,2.910043,2.784223
0.5,1.1,1.5,16,60,1,-16.1306,2.43057,2.93115,0.500575,1.21668,6.19975,2.55074,0.161297,0.216226,0.171957,0.172483,2.54796,0.740673,0.608348,0.228972,1,0,0.905112,2.93115,3.17124,2.93115,inverted,0.240098,0.59762,1.78913,4.86114,5.60181,2.28096,3.14159,2,4.68794,1,4.68794,1.99008,1.02239,2.19656,1.09828,0.855103,0.483848,0.483848,0.326432,0.290183,1,nan,1,1,1,1,1,1,152,33.041,2.430570,2.478736,2.606050,2.771550,2.931145,3.171243,3.162186,3.127902,3.053533,2.931145
0.2,1.4,1.5,16,60,1,-16.4604,2.1671,2.71266,0.545561,1.18229,5.55685,2.56419,0.179958,0.234169,0.189369,0.189962,2.2972,0.806441,0.606458,0.273868,1,0,0.90934,2.71266,2.97354,2.71266,inverted,0.26088,0.647232,1.86819,4.3342,5.14064,2.00931,3.14159,0,nan,nan,nan,2.13807,1.19489,2.34967,1.17484,0.883931,0.471593,0.471593,0.264704,0.31451,1,nan,1,1,1,1,1,1,153,50.6454,2.167099,2.220687,2.360987,2.540942,2.712660,2.973541,2.963123,2.924864,2.844085,2.712660
0.6,1.1,1.5,16,60,1,-16.7368,2.61581,3.08313,0.467311,1.2224,6.77788,2.59112,0.147539,0.202776,0.158702,0.159195,2.72367,0.707286,0.603901,0.204905,1,0,0.919992,3.08313,3.3231,3.08313,inverted,0.239976,0.571352,1.85023,5.23163,5.93892,2.47169,3.14159,2,4.91891,1,4.91891,1.89243,0.92317,2.09151,1.04575,0.827262,0.48463,0.48463,0.367004,0.273963,1,nan,1,1,1,1,1,1,154,34.9183,2.615815,2.659954,2.777406,2.931849,3.083125,3.323101,3.312943,3.276542,3.201786,3.083125
0.3,1.4,1.5,16,60,1,-17.0343,2.34964,2.85686,0.50722,1.19178,6.13141,2.60951,0.163095,0.218863,0.173654,0.174202,2.46825,0.768995,0.601554,0.243282,1,0,0.925953,2.85686,3.11863,2.85686,inverted,0.261775,0.618401,1.99337,4.69928,5.46827,2.19696,3.14159,1,4.69283,1,4.69283,2.02157,1.07501,2.22653,1.11327,0.853402,0.47328,0.47328,0.30619,0.294733,1,nan,1,1,1,1,1,1,155,29.4692,2.349639,2.398325,2.526908,2.694224,2.856859,3.118634,3.106913,3.066082,2.984526,2.856859
0.7,1.1,1.5,16,60,1,-17.3615,2.80206,3.2396,0.437534,1.226,7.36777,2.62941,0.135726,0.19072,0.147095,0.14756,2.90166,0.675575,0.599775,0.184249,1,0,0.931891,3.2396,3.47764,3.2396,inverted,0.238041,0.546208,1.90094,5.60412,6.2797,2.66351,3.14159,2,5.13508,1,5.13508,1.8067,0.83591,1.99811,0.999056,0.801975,0.485397,0.485397,0.40622,0.259887,1,nan,1,1,1,1,1,1,156,30.5182,2.802062,2.842730,2.951555,3.096081,3.239597,3.477637,3.466684,3.428885,3.354392,3.239597
0.2,0.8,1.4,16,60,1,-12.0807,1.55861,2.21355,0.654937,1.02079,4.10256,2.63219,0.24375,0.279211,0.242731,0.243462,1.72996,0.796723,0.597351,0.452273,1,0,0.714107,2.21355,2.35533,2.21355,inverted,0.141786,0.638814,1.16714,3.11722,3.91395,1.40783,3.14159,0,nan,nan,nan,2.59564,1.59805,2.83255,1.41627,1.03009,0.498793,0.498793,0.160267,0.400446,1,nan,1,1,1,1,1,1,157,22.9827,1.558612,1.630338,1.810688,2.027153,2.213549,2.355335,2.363037,2.367948,2.328726,2.213549
0.4,1.4,1.5,16,60,1,-17.6305,2.5334,3.00642,0.473018,1.19834,6.7196,2.65241,0.148818,0.205201,0.159998,0.160511,2.64215,0.73314,0.597024,0.217285,1,0,0.938684,3.00642,3.26654,3.00642,inverted,0.260122,0.590465,2.10653,5.06679,5.79993,2.38624,3.14159,1,5.01793,1,5.01793,1.91946,0.969675,2.11727,1.05863,0.8256,0.47489,0.47489,0.347184,0.277779,1,nan,1,1,1,1,1,1,158,36.7866,2.533397,2.577911,2.696329,2.852323,3.006415,3.266538,3.253916,3.211457,3.130019,3.006415
0.3,0.8,1.4,16,60,1,-12.5819,1.74045,2.34106,0.600611,1.04534,4.67552,2.68638,0.21388,0.256778,0.218031,0.218665,1.89263,0.766486,0.591693,0.38997,1,0,0.766556,2.34106,2.50694,2.34106,inverted,0.165875,0.617364,1.23931,3.48091,4.24739,1.58995,3.14159,1,3.4799,1,3.4799,2.41261,1.41575,2.64476,1.32238,0.984206,0.498426,0.498426,0.202094,0.36463,1,nan,1,1,1,1,1,1,159,30.3118,1.740454,1.803720,1.965505,2.164465,2.341065,2.506940,2.510171,2.504749,2.456699,2.341065
0.5,1.4,1.5,16,60,1,-18.2464,2.71829,3.16073,0.442444,1.20269,7.31995,2.69285,0.136613,0.192966,0.148072,0.148554,2.81853,0.69916,0.592849,0.195015,1,0,0.948607,3.16073,3.41745,3.16073,inverted,0.256716,0.563755,2.20673,5.43658,6.13574,2.57681,3.14159,2,5.31164,1,5.31164,1.82987,0.877029,2.02019,1.0101,0.800318,0.476421,0.476421,0.387075,0.263107,1,nan,1,1,1,1,1,1,160,28.3084,2.718289,2.759220,2.868771,3.014620,3.160733,3.417449,3.404224,3.360831,3.280140,3.160733
0.6,1.4,1.5,16,60,1,-18.8797,2.90423,3.31928,0.415045,1.20539,7.9311,2.73088,0.126086,0.181969,0.137603,0.138059,2.99707,0.667168,0.589006,0.175809,1,0,0.956457,3.31928,3.5714,3.31928,inverted,0.252123,0.538443,2.2937,5.80846,6.47563,2.7684,3.14159,2,5.57994,1,5.57994,1.75117,0.795422,1.93381,0.966904,0.777347,0.477872,0.477872,0.425415,0.250302,1,nan,1,1,1,1,1,1,161,25.1672,2.904231,2.942061,3.043836,3.180579,3.319276,3.571399,3.557794,3.513977,3.434471,3.319276
0.4,0.8,1.4,16,60,1,-13.1165,1.92362,2.47615,0.552531,1.06286,5.26897,2.73909,0.18979,0.237011,0.196988,0.197554,2.0599,0.734344,0.586329,0.33947,1,0,0.807498,2.47615,2.65797,2.47615,inverted,0.181814,0.593299,1.29834,3.84724,4.58159,1.77587,3.14159,1,3.75739,-1,nan,2.25382,1.25774,2.48005,1.24003,0.942471,0.498041,0.498041,0.24593,0.335434,1,nan,1,1,1,1,1,1,162,30.3953,1.923622,1.979982,2.126013,2.309237,2.476153,2.657966,2.657815,2.644712,2.590656,2.476153
0.7,1.4,1.5,16,60,1,-19.5281,3.09114,3.48157,0.390422,1.20685,8.55183,2.76656,0.116934,0.17205,0.128366,0.128799,3.17749,0.637175,0.58547,0.159146,1,0,0.962748,3.48157,3.72832,3.48157,inverted,0.246752,0.514594,2.36788,6.18229,6.81946,2.96081,3.14159,2,5.83007,1,5.83007,1.68189,0.723413,1.85679,0.928397,0.756484,0.479239,0.479239,0.461901,0.239042,1,nan,1,1,1,1,1,1,163,43.6731,3.091145,3.126271,3.221191,3.349746,3.481567,3.728319,3.714500,3.670637,3.592611,3.481567
0.5,0.8,1.4,16,60,1,-13.6801,2.108,2.618,0.509998,1.07508,5.88127,2.78997,0.170031,0.219569,0.178991,0.179507,2.23098,0.701854,0.581281,0.297899,1,0,0.839789,2.618,2.80986,2.618,inverted,0.191856,0.568219,1.34622,4.21601,4.91786,1.96449,3.14159,1,3.94694,-1,nan,2.11609,1.12071,2.33546,1.16773,0.904651,0.497689,0.497689,0.290536,0.311239,1,nan,1,1,1,1,1,1,164,37.8397,2.108004,2.158649,2.291244,2.460409,2.618003,2.809859,2.807131,2.788332,2.730329,2.618003
0.2,1.1,1.4,16,60,1,-14.0433,1.85073,2.4075,0.556779,1.03045,5.23602,2.82917,0.190985,0.237889,0.197583,0.198185,1.98762,0.777538,0.576836,0.363243,1,0,0.861514,2.4075,2.62826,2.4075,inverted,0.220759,0.62364,1.52773,3.70145,4.47899,1.7003,3.14159,0,nan,nan,nan,2.28499,1.32884,2.50584,1.25292,0.929789,0.478078,0.478078,0.224577,0.341127,1,nan,1,1,1,1,1,1,165,42.6017,1.850725,1.907394,2.053901,2.237760,2.407505,2.628263,2.622945,2.597232,2.530046,2.407505
0.6,0.8,1.4,16,60,1,-14.269,2.2935,2.76585,0.472342,1.08332,6.51081,2.83881,0.153591,0.204141,0.163522,0.164,2.40522,0.669955,0.576552,0.263246,1,0,0.865479,2.76585,2.96346,2.76585,inverted,0.197613,0.543133,1.38499,4.58701,5.25696,2.15501,3.14159,1,4.13437,-1,nan,1.99655,1.00176,2.20837,1.10418,0.870465,0.497396,0.497396,0.334861,0.290904,1,nan,1,1,1,1,1,1,166,32.0337,2.293504,2.339361,2.460430,2.617072,2.765846,2.963459,2.958770,2.935775,2.875334,2.765846
0.7,0.8,1.4,16,60,1,-14.8798,2.48003,2.91898,0.438944,1.0886,7.15603,2.88545,0.139742,0.190456,0.150154,0.1506,2.58215,0.639203,0.572141,0.234055,1,0,0.886088,2.91898,3.11924,2.91898,inverted,0.200259,0.518658,1.41646,4.96007,5.59927,2.34694,3.14159,1,4.32032,-1,nan,1.89268,0.898338,2.09646,1.04823,0.839616,0.49717,0.49717,0.37808,0.273605,1,nan,1,1,1,1,1,1,167,30.3487,2.480034,2.521836,2.632961,2.778454,2.918978,3.119237,3.113061,3.087010,3.025235,2.918978
0.3,1.1,1.4,16,60,1,-14.5935,2.03286,2.54611,0.513247,1.04336,5.86614,2.88566,0.17047,0.220332,0.17911,0.179656,2.15601,0.740796,0.571556,0.318095,1,0,0.888666,2.54611,2.77366,2.54611,inverted,0.227549,0.595749,1.63245,4.06572,4.80652,1.88652,3.14159,1,4.05455,1,4.05455,2.14171,1.18317,2.35612,1.17806,0.892881,0.479267,0.479267,0.268822,0.315837,1,nan,1,1,1,1,1,1,168,21.7966,2.032862,2.083610,2.216315,2.385892,2.546109,2.773658,2.766179,2.735842,2.665850,2.546109
0.4,1.1,1.4,16,60,1,-15.1705,2.21631,2.69108,0.47477,1.05224,6.51475,2.93946,0.153498,0.204836,0.163286,0.16379,2.3279,0.704923,0.566661,0.28053,1,0,0.909133,2.69108,2.92123,2.69108,inverted,0.230153,0.568005,1.72273,4.43262,5.13754,2.07499,3.14159,2,4.35403,1,4.35403,2.01738,1.05655,2.22456,1.11228,0.859452,0.480414,0.480414,0.313294,0.294648,1,nan,1,1,1,1,1,1,169,26.7444,2.216310,2.262126,2.383034,2.539898,2.691081,2.921233,2.912214,2.878728,2.807379,2.691081
0.5,1.1,1.4,16,60,1,-15.771,2.40097,2.84168,0.440705,1.05812,7.17993,2.99042,0.139277,0.191113,0.149658,0.150127,2.50274,0.670563,0.56214,0.248941,1,0,0.92484,2.84168,3.07154,2.84168,inverted,0.229858,0.541092,1.79888,4.80195,5.47251,2.26512,3.14159,2,4.61184,1,4.61184,1.90943,0.946384,2.10881,1.0544,0.829244,0.481524,0.481524,0.357059,0.276674,1,nan,1,1,1,1,1,1,170,29.1237,2.400975,2.442633,2.553398,2.698958,2.841680,3.071537,3.061429,3.025865,2.954180,2.841680
0.2,1.4,1.4,16,60,1,-16.0779,2.13481,2.61768,0.482872,1.03084,6.40968,3.00246,0.156014,0.208056,0.165657,0.166183,2.24811,0.732438,0.560766,0.298881,1,0,0.927295,2.61768,2.86725,2.61768,inverted,0.249566,0.588322,1.86322,4.26962,5.00206,1.99039,3.14159,0,nan,nan,nan,2.05588,1.11542,2.26208,1.13104,0.859911,0.470225,0.470225,0.291511,0.300135,1,nan,1,1,1,1,1,1,171,53.0537,2.134809,2.181353,2.304033,2.463229,2.617680,2.867247,2.855921,2.816724,2.738965,2.617680
0.6,1.1,1.4,16,60,1,-16.392,2.58676,2.99724,0.410474,1.0618,7.85988,3.0385,0.127228,0.178916,0.137854,0.138294,2.68011,0.638043,0.557975,0.222137,1,0,0.937086,2.99724,3.22481,2.99724,inverted,0.227569,0.515392,1.86208,5.17352,5.81157,2.45651,3.14159,2,4.84576,1,4.84576,1.81558,0.850394,2.00681,1.0034,0.801984,0.482594,0.482594,0.399406,0.261262,1,nan,1,1,1,1,1,1,172,37.6103,2.586762,2.624881,2.726872,2.862375,2.997236,3.224805,3.213944,3.177084,3.105776,2.997236
0.3,1.4,1.4,16,60,1,-16.6673,2.31792,2.76559,0.447665,1.03765,7.08498,3.05661,0.141144,0.194042,0.151525,0.152013,2.42099,0.695625,0.556148,0.264617,1,0,0.941111,2.76559,3.01355,2.76559,inverted,0.24796,0.559761,1.99343,4.63585,5.33147,2.17898,3.14159,1,4.62388,1,4.62388,1.94234,0.997944,2.14106,1.07053,0.829597,0.472199,0.472199,0.335658,0.281222,1,nan,1,1,1,1,1,1,173,30.4174,2.317924,2.360129,2.472285,2.619846,2.765589,3.013549,3.001303,2.960437,2.882771,2.765589
0.7,1.1,1.4,16,60,1,-17.0308,2.77359,3.15715,0.383568,1.06386,8.55297,3.08372,0.116918,0.168034,0.127569,0.127984,2.85967,0.607498,0.554144,0.199215,1,0,0.946768,3.15715,3.38108,3.15715,inverted,0.22393,0.491097,1.91397,5.54717,6.15467,2.64888,3.14159,2,5.06539,1,5.06539,1.73384,0.766598,1.91674,0.958372,0.777403,0.483622,0.483622,0.439839,0.24792,1,nan,1,1,1,1,1,1,174,28.844,2.773586,2.808666,2.903018,3.029560,3.157154,3.381084,3.369719,3.332141,3.261703,3.157154
0.4,1.4,1.4,16,60,1,-17.2786,2.50231,2.91877,0.416467,1.04213,7.77564,3.10739,0.128607,0.1816,0.139321,0.139778,2.59665,0.660834,0.551923,0.235616,1,0,0.951577,2.91877,3.16314,2.91877,inverted,0.244367,0.532493,2.1114,5.00461,5.66545,2.36906,3.14159,1,4.94834,1,4.94834,1.84369,0.895566,2.03448,1.01724,0.802198,0.474064,0.474064,0.378724,0.265061,1,nan,1,1,1,1,1,1,175,33.2749,2.502307,2.540834,2.643916,2.781136,2.918774,3.163141,3.150308,3.108548,3.031684,2.918774
0.2,0.8,1.3,16,60,1,-11.6565,1.52983,2.10913,0.579302,0.886232,4.7602,3.11159,0.210075,0.247024,0.211915,0.212548,1.67849,0.735428,0.549569,0.496626,1,0,0.762567,2.10913,2.26526,2.10913,inverted,0.156126,0.590061,1.16696,3.05966,3.79508,1.3892,3.14159,0,nan,nan,nan,2.49467,1.50894,2.72734,1.36367,0.998883,0.492865,0.492865,0.17944,0.380602,1,nan,1,1,1,1,1,1,176,25.3477,1.529828,1.591822,1.749164,1.940684,2.109130,2.265256,2.268493,2.263749,2.218632,2.109130
0.5,1.4,1.4,16,60,1,-17.9089,2.68786,3.0766,0.388744,1.04489,8.47978,3.15485,0.117928,0.170508,0.128721,0.129151,2.77469,0.628221,0.548063,0.210871,1,0,0.959654,3.0766,3.31608,3.0766,inverted,0.239477,0.506741,2.21586,5.37572,6.00394,2.56029,3.14159,2,5.24363,1,5.24363,1.75785,0.806215,1.94046,0.970229,0.777462,0.475817,0.475817,0.42011,0.251114,1,nan,1,1,1,1,1,1,177,51.5817,2.687859,2.723242,2.818448,2.946465,3.076603,3.316080,3.302900,3.260801,3.185216,3.076603
0.3,0.8,1.3,16,60,1,-12.1751,1.71191,2.24053,0.528619,0.90495,5.44408,3.18012,0.183686,0.226231,0.18939,0.189943,1.84336,0.702708,0.544006,0.426477,1,0,0.81004,2.24053,2.41462,2.24053,inverted,0.174089,0.56605,1.24349,3.42383,4.12653,1.57313,3.14159,1,3.40642,1,3.40642,2.31247,1.32669,2.53935,1.26968,0.952578,0.492893,0.492893,0.225701,0.346275,1,nan,1,1,1,1,1,1,178,31.963,1.711913,1.766380,1.906830,2.081887,2.240532,2.414621,2.414179,2.401072,2.349273,2.240532
0.6,1.4,1.4,16,60,1,-18.5558,2.87449,3.23852,0.364029,1.0464,9.19576,3.1991,0.108746,0.160577,0.119459,0.119865,2.95481,0.597801,0.544541,0.189611,1,0,0.965987,3.23852,3.47229,3.23852,inverted,0.233771,0.482586,2.30624,5.74897,6.34678,2.75246,3.14159,2,5.5156,1,5.5156,1.683,0.728083,1.85734,0.928672,0.755144,0.477457,0.477457,0.459412,0.238971,1,nan,1,1,1,1,1,1,179,25.5388,2.874487,2.907157,2.995489,3.115293,3.238517,3.472288,3.458937,3.416897,3.342903,3.238517
0.7,1.4,1.4,16,60,1,-19.2174,3.0621,3.40402,0.341921,1.047,9.9221,3.24029,0.100785,0.151649,0.111318,0.111703,3.13675,0.56951,0.541326,0.171232,1,0,0.971026,3.40402,3.63161,3.40402,inverted,0.227588,0.460028,2.38282,6.12421,6.69372,2.94539,3.14159,2,5.7697,1,5.7697,1.61757,0.659604,1.7837,0.89185,0.735006,0.478986,0.478986,0.496395,0.228314,1,nan,1,1,1,1,1,1,180,50.0311,3.062103,3.092415,3.174708,3.287165,3.404025,3.631613,3.618220,3.576522,3.504313,3.404025
0.4,0.8,1.3,16,60,1,-12.727,1.8954,2.37962,0.484222,0.917792,6.15276,3.24616,0.162529,0.208083,0.1704,0.170898,2.0127,0.669107,0.538794,0.369869,1,0,0.846004,2.37962,2.5645,2.37962,inverted,0.184885,0.540422,1.30556,3.79079,4.4599,1.76043,3.14159,1,3.67675,-1,nan,2.15615,1.17031,2.37602,1.18801,0.910855,0.492919,0.492919,0.2735,0.318423,1,nan,1,1,1,1,1,1,181,66.5587,1.895396,1.943763,2.070022,2.230470,2.379617,2.564502,2.561364,2.542291,2.486290,2.379617
0.5,0.8,1.3,16,60,1,-13.3076,2.08016,2.52547,0.445312,0.926319,6.88392,3.30933,0.145266,0.192204,0.154307,0.154762,2.18569,0.635983,0.533943,0.323465,1,0,0.873635,2.52547,2.71614,2.52547,inverted,0.190671,0.514582,1.35533,4.16032,4.7963,1.95007,3.14159,1,3.87069,-1,nan,2.02198,1.03603,2.23394,1.11697,0.873394,0.492978,0.492978,0.321418,0.295433,1,nan,1,1,1,1,1,1,182,66.4052,2.080158,2.123507,2.237768,2.385313,2.525470,2.716141,2.711023,2.687723,2.629270,2.525470
0.2,1.1,1.3,16,60,1,-13.6456,1.81937,2.30897,0.489602,0.890768,6.09667,3.35098,0.164024,0.209746,0.171504,0.172032,1.93757,0.706058,0.530295,0.396214,1,0,0.889461,2.30897,2.52543,2.30897,inverted,0.216456,0.566736,1.52538,3.63875,4.3448,1.68153,3.14159,0,nan,nan,nan,2.19181,1.24137,2.40747,1.20373,0.902195,0.475221,0.475221,0.250167,0.324303,1,nan,1,1,1,1,1,1,183,32.6931,1.819373,1.868151,1.995253,2.156875,2.308974,2.525430,2.518178,2.489079,2.422511,2.308974
0.6,0.8,1.3,16,60,1,-13.9128,2.26609,2.67724,0.41115,0.931704,7.63534,3.36938,0.13097,0.178264,0.140581,0.141004,2.36174,0.6041,0.529449,0.284938,1,0,0.895131,2.67724,2.87019,2.67724,inverted,0.19295,0.489358,1.39508,4.53219,5.13629,2.14137,3.14159,2,4.06193,-1,4.07637,1.90672,0.920549,2.11014,1.05507,0.839835,0.493085,0.493085,0.368328,0.276178,1,nan,1,1,1,1,1,1,184,68.8931,2.266094,2.305262,2.409309,2.545473,2.677243,2.870194,2.863629,2.837378,2.777712,2.677243
0.3,1.1,1.3,16,60,1,-14.2128,2.00199,2.45159,0.449602,0.9001,6.84773,3.42046,0.146034,0.193694,0.154913,0.155394,2.108,0.669071,0.525264,0.345656,1,0,0.912232,2.45159,2.67106,2.45159,inverted,0.219469,0.538343,1.63543,4.00399,4.67306,1.86896,3.14159,1,3.98369,1,3.98369,2.05133,1.09773,2.2595,1.12975,0.865363,0.476796,0.476796,0.298063,0.300152,1,nan,1,1,1,1,1,1,185,23.3748,2.001993,2.045554,2.160279,2.308724,2.451595,2.671064,2.662200,2.629789,2.561717,2.451595
0.7,0.8,1.3,16,60,1,-14.5394,2.45311,2.83418,0.381075,0.934817,8.4049,3.42623,0.118978,0.165979,0.128799,0.129195,2.54037,0.573862,0.5253,0.252607,1,0,0.91205,2.83418,3.02697,2.83418,inverted,0.192788,0.465216,1.4269,4.90621,5.48007,2.3339,3.14159,2,4.25117,-1,4.26727,1.80751,0.821036,2.00203,1.00101,0.809814,0.49324,0.49324,0.413405,0.259846,1,nan,1,1,1,1,1,1,186,28.7627,2.453106,2.488750,2.584040,2.710159,2.834181,3.026968,3.019355,2.991097,2.931091,2.834181
0.4,1.1,1.3,16,60,1,-14.8065,2.18599,2.60054,0.414549,0.906202,7.62026,3.48595,0.131229,0.179629,0.140818,0.141263,2.28181,0.633653,0.520653,0.303782,1,0,0.929094,2.60054,2.81965,2.60054,inverted,0.219104,0.510738,1.7302,4.37199,5.00564,2.05838,3.14159,2,4.27985,1,4.27985,1.93069,0.974092,2.13065,1.06533,0.832302,0.478301,0.478301,0.345491,0.279999,1,nan,1,1,1,1,1,1,187,27.3068,2.185993,2.225231,2.329462,2.466298,2.600542,2.819646,2.809692,2.775201,2.706805,2.600542
0.5,1.1,1.3,16,60,1,-15.423,2.37126,2.75501,0.383752,0.909976,8.41173,3.54736,0.118882,0.167251,0.128765,0.129179,2.45847,0.600254,0.516441,0.26872,1,0,0.941842,2.75501,2.97152,2.75501,inverted,0.216502,0.484434,1.80972,4.74252,5.34278,2.24928,3.14159,2,4.53938,1,4.53938,1.82698,0.867515,2.01826,1.00913,0.802685,0.479735,0.479735,0.391479,0.262964,1,nan,1,1,1,1,1,1,188,26.5861,2.371262,2.406877,2.502145,2.628750,2.755014,2.971516,2.960843,2.925143,2.857223,2.755014
0.2,1.4,1.3,16,60,1,-15.7059,2.10238,2.52519,0.422812,0.888912,7.47818,3.55701,0.133722,0.183071,0.143283,0.143747,2.19993,0.658096,0.515535,0.323982,1,0,0.942974,2.52519,2.76048,2.52519,inverted,0.235284,0.529066,1.85813,4.20476,4.86286,1.97164,3.14159,0,nan,nan,nan,1.97055,1.03185,2.17046,1.08523,0.834877,0.469348,0.469348,0.322266,0.285463,1,nan,1,1,1,1,1,1,189,43.0636,2.102380,2.142348,2.248415,2.387716,2.525192,2.760476,2.748689,2.709610,2.635892,2.525192
0.6,1.1,1.3,16,60,1,-16.0593,2.55769,2.9143,0.356604,0.912085,9.21982,3.60474,0.108462,0.156309,0.118387,0.118776,2.63756,0.56905,0.5126,0.239091,1,0,0.951657,2.9143,3.12674,2.9143,inverted,0.212446,0.459678,1.8751,5.11539,5.68444,2.4413,3.14159,2,4.777,1,4.777,1.73765,0.775462,1.92,0.96,0.77618,0.481093,0.481093,0.435346,0.248399,1,nan,1,1,1,1,1,1,190,32.3007,2.557694,2.590238,2.677799,2.795371,2.914298,3.126745,3.115621,3.079332,3.012419,2.914298
0.3,1.4,1.3,16,60,1,-16.3116,2.28618,2.67703,0.390844,0.893541,8.28035,3.62191,0.120768,0.170369,0.130732,0.131163,2.37474,0.622408,0.511246,0.285863,1,0,0.954191,2.67703,2.90859,2.67703,inverted,0.231564,0.501184,1.99363,4.57237,5.19478,2.16115,3.14159,1,4.5556,1,4.5556,1.86081,0.917585,2.05231,1.02616,0.804935,0.471611,0.471611,0.369005,0.26747,1,nan,1,1,1,1,1,1,191,30.0296,2.286184,2.322356,2.419087,2.547806,2.677028,2.908592,2.896222,2.856266,2.783384,2.677028
0.7,1.1,1.3,16,60,1,-16.7125,2.74519,3.07777,0.332584,0.913008,10.0425,3.65821,0.0995771,0.146589,0.109392,0.109758,2.81875,0.54006,0.509102,0.213851,1,0,0.959334,3.07777,3.28525,3.07777,inverted,0.207476,0.436555,1.92814,5.49038,6.03044,2.63421,3.14159,2,5.00029,1,5.00029,1.6605,0.695753,1.83389,0.916943,0.752469,0.482373,0.482373,0.476666,0.23582,1,nan,1,1,1,1,1,1,192,40.8591,2.745190,2.775107,2.855993,2.965568,3.077775,3.285250,3.273872,3.237434,3.171875,3.077775
0.4,1.4,1.3,16,60,1,-16.9384,2.4713,2.83401,0.362713,0.896373,9.09971,3.68215,0.109894,0.15915,0.119963,0.120366,2.55222,0.58911,0.507365,0.253741,1,0,0.962593,2.83401,3.06041,2.83401,inverted,0.226397,0.474946,2.11675,4.9426,5.53171,2.35199,3.14159,1,4.88056,1,4.88056,1.76636,0.818916,1.94913,0.974563,0.778099,0.473723,0.473723,0.413941,0.252147,1,nan,1,1,1,1,1,1,193,36.0172,2.471300,2.504272,2.593001,2.712389,2.834013,3.060410,3.047723,3.007503,2.935988,2.834013
0.5,1.4,1.3,16,60,1,-17.5836,2.65762,2.99548,0.337869,0.897925,9.93392,3.73791,0.100665,0.149193,0.110659,0.111038,2.732,0.558232,0.503855,0.22645,1,0,0.969013,2.99548,3.21585,2.99548,inverted,0.220363,0.450462,2.22583,5.31523,5.87346,2.54389,3.14159,2,5.17888,1,5.17888,1.6849,0.733533,1.8588,0.929399,0.754067,0.475682,0.475682,0.456525,0.238961,1,nan,1,1,1,1,1,1,194,28.9652,2.657616,2.687862,2.769685,2.880824,2.995484,3.215847,3.203031,3.162970,3.093154,2.995484
0.6,1.4,1.3,16,60,1,-18.2446,2.84502,3.16086,0.315839,0.898571,10.781,3.78941,0.0927562,0.140312,0.102567,0.102924,2.91376,0.529694,0.50068,0.203094,1,0,0.974006,3.16086,3.37472,3.16086,inverted,0.213855,0.427728,2.3199,5.69005,6.21974,2.73663,3.14159,2,5.45535,1,5.45535,1.61444,0.659458,1.77952,0.889759,0.732549,0.477492,0.477492,0.496439,0.227508,1,nan,1,1,1,1,1,1,195,26.7321,2.845025,2.872927,2.948749,3.052572,3.160864,3.374719,3.361906,3.322295,3.254374,3.160864
0.7,1.4,1.3,16,60,1,-18.9195,3.03343,3.32965,0.296225,0.898578,11.6391,3.83694,0.0859175,0.132356,0.0954822,0.0958211,3.09726,0.503365,0.497806,0.182977,1,0,0.977949,3.32965,3.53679,3.32965,inverted,0.20714,0.406681,2.39903,6.06686,6.57022,2.93009,3.14159,2,5.71377,1,5.71377,1.55332,0.595004,1.70974,0.854869,0.713273,0.479156,0.479156,0.533541,0.217476,1,nan,1,1,1,1,1,1,196,53.1435,3.033428,3.059299,3.129869,3.227180,3.329653,3.536793,3.524078,3.485113,3.419189,3.329653
0.2,0.8,1.6,16,60,1,-12.9502,1.61417,2.42672,0.81255,1.3116,3.15003,1.95148,0.317457,0.346707,0.308182,0.309143,1.8344,0.908686,0.693491,0.366894,1,0,0.616319,2.42672,2.52286,2.42672,inverted,0.0961361,0.727176,1.16898,3.22835,4.13703,1.43881,-2.35619,0,nan,nan,nan,2.78083,1.75782,3.02471,1.51235,1.08824,0.511505,0.511505,0.130595,0.43868,1,nan,1,1,1,1,0,0,-1,24.4634,1.614174,1.707045,1.936365,2.204601,2.426724,2.522860,2.541568,2.571094,2.549797,2.426724
0.2,0.8,1.7,16,60,1,-13.3936,1.64098,2.53502,0.894039,1.4671,2.79841,1.70533,0.357346,0.381802,0.342573,0.343667,1.88724,0.959522,0.741766,0.325868,1,0,0.569383,2.53502,2.6005,2.53502,inverted,0.0654832,0.766779,1.17063,3.28196,4.24148,1.45032,-2.35619,0,nan,nan,nan,2.86592,1.82966,3.11276,1.55638,1.11542,0.518131,0.518131,0.119018,0.457129,1,nan,1,1,1,1,0,0,-1,22.836,1.640978,1.745210,2.000314,2.295199,2.535017,2.600500,2.625634,2.669763,2.660312,2.535017
0.2,0.8,1.8,16,60,1,-13.8418,1.66716,2.6442,0.977045,1.62889,2.50518,1.50266,0.399174,0.417675,0.377932,0.379172,1.94044,1.00717,0.790137,0.285957,1,0,0.524857,2.6442,2.67433,2.6442,inverted,0.0301286,0.803461,1.17274,3.33432,4.34149,1.4613,-2.35619,0,nan,nan,nan,2.94656,1.89684,3.1961,1.59805,1.14146,0.524859,0.524859,0.109085,0.475167,1,nan,1,1,1,1,0,0,-1,22.7419,1.667158,1.783244,2.064896,2.386841,2.644203,2.674332,2.706444,2.766449,2.770595,2.644203
0.2,0.8,1.9,16,60,1,-14.2943,1.69274,2.75414,1.0614,1.79667,2.25794,1.3339,0.442881,0.454248,0.414167,0.415566,1.99396,1.05187,0.838585,0.247192,0,1,0.483205,2.74461,2.74461,2.75414,normal,-0.00952587,0.837385,1.1753,3.38548,4.43735,1.47179,-2.35619,0,nan,nan,nan,3.02312,1.95982,3.27515,1.63758,1.16648,0.531648,0.531648,0.100503,0.492821,1,nan,0,1,1,1,0,0,-1,25.0167,1.692741,1.821151,2.130046,2.479404,2.754139,2.744613,2.784228,2.861192,2.880532,2.754139
0.2,0.8,2,16,60,1,-14.7506,1.71775,2.8647,1.14695,1.97018,2.04744,1.19193,0.488416,0.491454,0.451193,0.452764,2.04777,1.09386,0.887091,0.209648,0,2,0.444647,2.81161,2.81161,2.8647,normal,-0.0530925,0.868746,1.17832,3.4355,4.52936,1.48187,-2.35619,0,nan,nan,nan,3.09593,2.01899,3.35031,1.67515,1.19054,0.538468,0.538468,0.0930402,0.51011,1,nan,0,1,1,1,0,0,-1,24.459,1.717752,1.858937,2.195711,2.572781,2.864702,2.811610,2.859237,2.954070,2.990044,2.864702
0.2,0.8,2.1,16,60,1,-15.2103,1.74222,2.97579,1.23357,2.14915,1.86662,1.07141,0.535727,0.529234,0.488937,0.490694,2.10184,1.13337,0.935644,0.173492,0,2,0.409226,2.87558,2.87558,2.97579,normal,-0.100209,0.897748,1.18177,3.48443,4.6178,1.49157,-2.35619,0,nan,nan,nan,3.16531,2.07472,3.4219,1.71095,1.21373,0.545294,0.545294,0.0865102,0.527057,1,nan,0,1,1,1,0,0,-1,25.3436,1.742217,1.896609,2.261842,2.666881,2.975792,2.875583,2.931727,3.045185,3.099077,2.975792
0.2,0.8,2.2,16,60,1,-15.673,1.76616,3.08732,1.32116,2.33338,1.71008,0.968247,0.584767,0.567534,0.527331,0.529287,2.15617,1.17061,0.984232,0.139086,0,2,0.376863,2.93678,2.93678,3.08732,normal,-0.150544,0.924601,1.18564,3.53232,4.70294,1.50095,-2.35619,0,nan,nan,nan,3.23154,2.12732,3.49023,1.74511,1.23611,0.552108,0.552108,0.0807633,0.543679,1,nan,0,1,1,1,0,0,-1,31.0258,1.766162,1.934175,2.328400,2.761625,3.087320,2.936776,3.001947,3.134655,3.207595,3.087320
0.2,0.8,2.3,16,60,1,-16.1384,1.78961,3.19921,1.4096,2.52264,1.57358,0.879288,0.635492,0.606308,0.566314,0.568484,2.21072,1.2058,1.03285,0.107256,0,2,0.347402,2.99542,2.99542,3.19921,normal,-0.203799,0.949506,1.18993,3.57922,4.78503,1.51005,-2.35619,0,nan,nan,nan,3.29486,2.17707,3.55557,1.77779,1.25774,0.558895,0.558895,0.0756782,0.559994,1,nan,0,1,1,1,0,0,-1,42.5898,1.789612,1.971644,2.395348,2.856946,3.199215,2.995416,3.070128,3.222606,3.315583,3.199215
0.2,0.8,2.4,16,60,1,-16.6063,1.81259,3.31141,1.49882,2.71675,2.02397,1.11662,0.494079,0.830052,0.592389,0.60823,2.29543,2.78935,1.12075,0.0800368,0,3,0.3425,3.13648,4.60194,3.31141,inverted,1.29053,0.659111,1.19463,3.62518,6.41453,1.5189,-2.35619,0,nan,nan,nan,3.35551,2.22422,3.61817,1.80908,1.27867,0.565646,0.565646,0.0711559,0.576015,1,nan,0,1,1,1,1,0,-1,27.9083,1.812589,2.009023,2.462655,2.952783,3.311412,4.601941,3.136484,3.309160,3.423035,3.311412
0.2,0.8,2.5,16,60,1,-17.0764,1.83512,3.42386,1.58874,2.91553,1.85598,1.01137,0.538798,0.872883,0.631753,0.648478,2.35183,2.89495,1.17049,0.0624073,0,3,0.339261,3.20121,4.73006,3.42386,inverted,1.30621,0.665708,1.19971,3.67023,6.56518,1.52753,-2.35619,0,nan,nan,nan,3.41369,2.26898,3.67823,1.83912,1.29896,0.572352,0.572352,0.067115,0.591759,1,nan,0,1,1,1,1,0,-1,41.3957,1.835116,2.046322,2.530293,3.049086,3.423858,4.730063,3.201208,3.394439,3.529956,3.423858
0.2,0.8,2.6,16,60,1,-17.5486,1.85721,3.53651,1.67929,3.11881,0.932224,0.501948,1.0727,0.970492,0.704992,0.689182,2.33277,3.00024,1.1233,0.0618537,0,3,0.32124,3.47856,4.85746,3.53651,inverted,1.32095,1.88811,1.18092,3.71443,6.71467,1.53598,-2.35619,0,nan,nan,nan,3.46958,2.31156,3.73596,1.86798,1.31865,0.579009,0.579009,0.063488,0.607236,1,nan,0,1,1,1,1,0,-1,28.9085,1.857214,2.083547,2.598238,3.145808,3.536507,4.857458,5.141332,3.478556,3.636360,3.536507
0.3,0.8,1.8,16,60,1,-14.2848,1.84856,2.75947,0.910914,1.68388,2.82097,1.52604,0.354488,0.389732,0.345554,0.346596,2.095,0.989436,0.784498,0.250069,1,0,0.583668,2.75947,2.83799,2.75947,inverted,0.078522,0.795222,1.23029,3.69712,4.68655,1.65086,-2.35619,0,nan,nan,nan,2.76684,1.71977,3.01435,1.50717,1.09813,0.523535,0.523535,0.137612,0.434238,1,nan,1,1,1,1,0,0,-1,29.317,1.848558,1.952362,2.209421,2.510920,2.759472,2.837994,2.862573,2.905197,2.891884,2.759472
0.3,0.8,1.9,16,60,1,-14.7251,1.8741,2.86702,0.99292,1.86084,2.53616,1.35327,0.394296,0.42516,0.380135,0.381305,2.14663,1.03732,0.833012,0.216836,1,0,0.540928,2.86702,2.91143,2.86702,inverted,0.0444036,0.832614,1.22973,3.74821,4.78553,1.66082,-2.35619,0,nan,nan,nan,2.84514,1.78475,3.09558,1.54779,1.12387,0.530196,0.530196,0.126611,0.450778,1,nan,1,1,1,1,0,0,-1,54.1825,1.874103,1.989265,2.272237,2.600678,2.867024,2.911427,2.942716,3.000933,3.000877,2.867024
0.3,0.8,2,16,60,1,-15.17,1.89909,2.97542,1.07633,2.04405,2.29431,1.20811,0.435861,0.461299,0.415612,0.416921,2.19861,1.08241,0.8816,0.18443,1,0,0.500688,2.97542,2.9815,2.97542,inverted,0.00607545,0.867341,1.22978,3.79818,4.88059,1.67029,-2.35619,0,nan,nan,nan,2.91988,1.84605,3.17301,1.58651,1.14866,0.536916,0.536916,0.117007,0.467007,1,nan,1,1,1,1,0,0,-1,27.5293,1.899092,2.026061,2.335651,2.691422,2.975423,2.981499,3.019951,3.094851,3.109642,2.975423
0.3,0.8,2.1,16,60,1,-15.6189,1.92355,3.08455,1.161,2.23324,2.08709,1.08503,0.479135,0.498081,0.451908,0.453369,2.2509,1.1249,0.930245,0.153007,0,1,0.463201,3.04845,3.04845,3.08455,normal,-0.0361001,0.899559,1.23041,3.84709,4.97199,1.67932,-2.35619,0,nan,nan,nan,2.99131,1.90398,3.24694,1.62347,1.17257,0.543666,0.543666,0.108578,0.48294,1,nan,0,1,1,1,0,0,-1,25.5362,1.923545,2.062754,2.399612,2.783048,3.084548,3.048448,3.094491,3.187006,3.218087,3.084548
0.3,0.8,2.2,16,60,1,-16.0715,1.94749,3.19429,1.2468,2.42814,1.90813,0.97979,0.524074,0.535444,0.488951,0.490576,2.30348,1.16502,0.978935,0.122874,0,2,0.428548,3.11251,3.11251,3.19429,normal,-0.0817799,0.929443,1.2316,3.89497,5.06,1.68796,-2.35619,0,nan,nan,nan,3.05966,1.95881,3.31764,1.65882,1.19565,0.550421,0.550421,0.101143,0.498591,1,nan,0,1,1,1,0,0,-1,46.225,1.947486,2.099351,2.464074,2.875465,3.194291,3.112511,3.166560,3.277479,3.326145,3.194291
0.3,0.8,2.3,16,60,1,-16.5275,1.97094,3.30456,1.33362,2.62849,1.75243,0.889133,0.570637,0.573335,0.526679,0.528481,2.35633,1.20298,1.02766,0.0947136,0,2,0.396693,3.17392,3.17392,3.30456,normal,-0.130647,0.957177,1.23333,3.94188,5.14485,1.69626,-2.35619,0,nan,nan,nan,3.12514,2.01081,3.38536,1.69268,1.21797,0.557166,0.557166,0.0945527,0.513974,1,nan,0,1,1,1,0,0,-1,50.1807,1.970938,2.135858,2.528998,2.968596,3.304562,3.173915,3.236378,3.366367,3.433769,3.304562
0.3,0.8,2.4,16,60,1,-16.9864,1.99392,3.41528,1.42136,2.83408,1.61607,0.810497,0.618786,0.611708,0.565032,0.567024,2.40944,1.23895,1.07641,0.0702147,0,2,0.367518,3.23287,3.23287,3.41528,normal,-0.182415,0.982942,1.23557,3.98784,5.22679,1.70426,-2.35619,0,nan,nan,nan,3.18797,2.0602,3.45031,1.72515,1.23958,0.563885,0.563885,0.0886848,0.5291,1,nan,0,1,1,1,0,0,-1,33.9425,1.993921,2.172283,2.594350,3.062369,3.415283,3.232869,3.304158,3.453780,3.540931,3.415283
0.3,0.8,2.5,16,60,1,-17.4481,2.01646,3.52639,1.50993,3.04471,2.13879,1.06067,0.467553,0.852836,0.590018,0.606153,2.49384,2.88055,1.16768,0.0536887,0,3,0.372386,3.3701,4.897,3.52639,inverted,1.37062,0.681801,1.23831,4.03292,6.91346,1.71201,-2.35619,0,nan,nan,nan,3.24833,2.10719,3.5127,1.75635,1.26052,0.57057,0.57057,0.0834374,0.543981,1,nan,0,1,1,1,1,0,-1,36.4072,2.016458,2.208634,2.660098,3.156725,3.526386,4.897003,3.370097,3.539829,3.647615,3.526386
0.3,0.8,2.6,16,60,1,-17.9122,2.03857,3.63781,1.59925,3.26017,1.95957,0.961251,0.510315,0.895093,0.628882,0.645821,2.54872,2.98065,1.21736,0.0523384,0,3,0.355231,3.43438,5.01922,3.63781,inverted,1.38141,0.69047,1.24153,4.07713,7.05779,1.71952,-2.35619,0,nan,nan,nan,3.30639,2.15196,3.57272,1.78636,1.28084,0.577212,0.577212,0.0787256,0.558628,1,nan,0,1,1,1,1,0,-1,27.4953,2.038567,2.244917,2.726216,3.251609,3.637812,5.019219,3.434378,3.624624,3.753817,3.637812
0.4,0.8,1.9,16,60,1,-15.1879,2.05657,2.98649,0.929929,1.91246,2.82277,1.37256,0.354262,0.398605,0.349859,0.350868,2.30453,1.01733,0.827525,0.191875,1,0,0.591219,2.98649,3.0739,2.98649,inverted,0.087405,0.821704,1.27583,4.11313,5.13047,1.85199,-2.35619,0,nan,nan,nan,2.68488,1.62767,2.93287,1.46644,1.0839,0.528603,0.528603,0.155144,0.415894,1,nan,1,1,1,1,0,0,-1,25.111,2.056566,2.160614,2.420672,2.729301,2.986495,3.073900,3.098563,3.141010,3.125241,2.986495
0.4,0.8,2,16,60,1,-15.6209,2.0815,3.0925,1.011,2.10439,2.54829,1.22425,0.39242,0.433638,0.383733,0.384856,2.35476,1.06505,0.876164,0.16368,1,0,0.550068,3.0925,3.14655,3.0925,inverted,0.0540503,0.859447,1.27362,4.16301,5.22806,1.86107,-2.35619,0,nan,nan,nan,2.76054,1.69014,3.01166,1.50583,1.10921,0.535204,0.535204,0.14332,0.431146,1,nan,1,1,1,1,0,0,-1,27.7259,2.081505,2.196497,2.481900,2.817327,3.092501,3.146552,3.177772,3.235632,3.232931,3.092501
0.4,0.8,2.1,16,60,1,-16.0587,2.10592,3.19943,1.09351,2.30284,2.31361,1.09862,0.432225,0.469387,0.418509,0.419757,2.40535,1.1101,0.924873,0.136166,1,0,0.511151,3.19943,3.21602,3.19943,inverted,0.016588,0.894634,1.27208,4.21185,5.32194,1.86965,-2.35619,0,nan,nan,nan,2.83311,1.74939,3.08709,1.54355,1.13366,0.54186,0.54186,0.132897,0.446143,1,nan,1,1,1,1,0,0,-1,31.5979,2.105924,2.232289,2.543741,2.906383,3.199432,3.216020,3.254209,3.328557,3.340493,3.199432
0.4,0.8,2.2,16,60,1,-16.5008,2.12984,3.30716,1.17732,2.50751,2.11134,0.991312,0.473633,0.505786,0.454117,0.455499,2.45626,1.15268,0.973638,0.109594,0,1,0.47473,3.28252,3.28252,3.30716,normal,-0.0246443,0.927395,1.27117,4.25968,5.41236,1.87777,-2.35619,0,nan,nan,nan,2.90276,1.80567,3.1594,1.5797,1.1573,0.548543,0.548543,0.12367,0.460897,1,nan,0,1,1,1,0,0,-1,31.3613,2.129842,2.267993,2.606148,2.996369,3.307163,3.282519,3.328056,3.419821,3.447826,3.307163
0.4,0.8,2.3,16,60,1,-16.9468,2.15328,3.41559,1.26231,2.71811,1.93571,0.898958,0.516607,0.542774,0.490491,0.492018,2.50747,1.19299,1.02244,0.0845299,0,2,0.440909,3.34627,3.34627,3.41559,normal,-0.0693227,0.95788,1.27087,4.30656,5.49954,1.88549,-2.35619,0,nan,nan,nan,2.96966,1.85919,3.22879,1.61439,1.18017,0.555233,0.555233,0.115468,0.475417,1,nan,0,1,1,1,0,0,-1,64.6435,2.153278,2.303614,2.669078,3.087197,3.415589,3.346266,3.399509,3.509486,3.554856,3.415589
0.4,0.8,2.4,16,60,1,-17.3963,2.17625,3.52462,1.34836,2.93438,1.78218,0.818921,0.56111,0.580299,0.527569,0.529255,2.55898,1.23122,1.07128,0.0623683,0,2,0.40968,3.40747,3.40747,3.52462,normal,-0.117145,0.986248,1.27114,4.35251,5.58372,1.89286,-2.35619,0,nan,nan,nan,3.03398,1.91016,3.29546,1.64773,1.20232,0.561912,0.561912,0.108147,0.489713,1,nan,0,1,1,1,0,0,-1,28.2767,2.176253,2.339158,2.732493,3.178789,3.524617,3.407471,3.468766,3.597636,3.661528,3.524617
0.4,0.8,2.5,16,60,1,-17.8491,2.19879,3.63417,1.43538,3.15609,1.64715,0.74912,0.607108,0.618311,0.565298,0.567153,2.61076,1.26755,1.12015,0.0468045,0,2,0.380957,3.46633,3.46633,3.63417,normal,-0.167835,1.01266,1.27197,4.39757,5.66512,1.89992,-2.35619,0,nan,nan,nan,3.09589,1.95876,3.35959,1.67979,1.2238,0.568567,0.568567,0.101589,0.503794,1,nan,0,1,1,1,0,0,-1,28.6829,2.198785,2.374632,2.796362,3.271077,3.634166,3.466330,3.536019,3.684366,3.767804,3.634166
0.4,0.8,2.6,16,60,1,-18.3048,2.22089,3.74417,1.52327,3.38302,2.23591,1.00676,0.447244,0.874101,0.589242,0.605663,2.69483,2.96072,1.21463,0.0446709,0,2,0.384942,3.60145,5.18162,3.74417,inverted,1.43745,0.701831,1.27334,4.44179,7.40251,1.9067,-2.35619,0,nan,nan,nan,3.15553,2.00516,3.42135,1.71068,1.24465,0.575188,0.575188,0.095691,0.517667,1,nan,0,1,1,1,1,0,-1,30.4426,2.220894,2.410044,2.860655,3.364000,3.744165,5.181617,3.601453,3.769774,3.873660,3.744165
0.5,0.8,2,16,60,1,-16.1006,2.26489,3.21561,0.950723,2.15328,2.80921,1.24033,0.355973,0.408249,0.355228,0.356216,2.5154,1.04388,0.870824,0.146336,1,0,0.594237,3.21561,3.30877,3.21561,inverted,0.0931601,0.846821,1.31104,4.52978,5.57366,2.05154,3.14159,1,4.41691,-1,nan,2.61635,1.54953,2.86475,1.43237,1.07217,0.533409,0.533409,0.171544,0.400879,1,nan,1,1,1,1,0,0,-1,28.4271,2.264890,2.369688,2.633575,2.949796,3.215613,3.308773,3.333961,3.377245,3.360105,3.215613
0.5,0.8,2.1,16,60,1,-16.527,2.28925,3.32017,1.03092,2.36004,2.54609,1.11219,0.39276,0.442928,0.388465,0.389557,2.56437,1.09115,0.919573,0.122093,1,0,0.554532,3.32017,3.38041,3.32017,inverted,0.0602324,0.884646,1.30786,4.57851,5.66966,2.06178,-2.35619,1,4.49377,-1,nan,2.68929,1.60938,2.94096,1.47048,1.09699,0.539953,0.539953,0.159107,0.415016,1,nan,1,1,1,1,0,0,-1,65.6292,2.289253,2.404646,2.693371,3.036238,3.320174,3.380407,3.412062,3.470658,3.466509,3.320174
0.5,0.8,2.2,16,60,1,-16.9582,2.31313,3.42571,1.11259,2.57355,2.31968,1.00283,0.431094,0.478325,0.422602,0.423806,2.6137,1.13589,0.968389,0.0985276,1,0,0.51687,3.42571,3.44902,3.42571,inverted,0.0233085,0.92003,1.30536,4.62626,5.76215,2.06957,-2.35619,1,4.56959,-1,nan,2.75952,1.66642,3.01421,1.50711,1.12102,0.546548,0.546548,0.148047,0.428943,1,nan,1,1,1,1,0,0,-1,31.1163,2.313129,2.439525,2.753786,3.123736,3.425715,3.449023,3.487527,3.562485,3.572866,3.425715
0.5,0.8,2.3,16,60,1,-17.394,2.33653,3.53211,1.19558,2.79351,2.12342,0.908792,0.470938,0.514376,0.457572,0.458897,2.66336,1.17828,1.01726,0.0761085,0,1,0.481505,3.51482,3.51482,3.53211,normal,-0.0172972,0.953081,1.30348,4.67307,5.85135,2.07691,-2.35619,1,4.64425,-1,nan,2.82718,1.72085,3.08467,1.54234,1.14431,0.553169,0.553169,0.138177,0.442667,1,nan,0,1,1,1,0,0,-1,62.3538,2.336534,2.474327,2.814775,3.212195,3.532115,3.514818,3.560516,3.652747,3.679074,3.532115
0.5,0.8,2.4,16,60,1,-17.8337,2.35949,3.63927,1.27978,3.01963,1.95214,0.827359,0.512258,0.551021,0.493316,0.494772,2.71334,1.2185,1.06617,0.0559867,0,2,0.448553,3.57799,3.57799,3.63927,normal,-0.0612804,0.98393,1.3022,4.71897,5.93747,2.08383,-2.35619,1,4.71765,-1,nan,2.89241,1.77281,3.1525,1.57625,1.16689,0.559795,0.559795,0.12934,0.456195,1,nan,0,1,1,1,0,0,-1,40.3683,2.359486,2.509058,2.876300,3.301532,3.639269,3.577989,3.631203,3.741495,3.785052,3.639269
0.5,0.8,2.5,16,60,1,-18.2772,2.382,3.74709,1.36509,3.25163,1.80174,0.756395,0.555021,0.588209,0.529776,0.531374,2.76361,1.25673,1.11511,0.0413006,0,2,0.418021,3.63873,3.63873,3.74709,normal,-0.108355,1.01272,1.30151,4.764,6.02073,2.09038,-2.35619,0,nan,nan,nan,2.95531,1.82249,3.21786,1.60893,1.1888,0.566411,0.566411,0.121402,0.469535,1,nan,0,1,1,1,0,0,-1,26.4186,2.382001,2.543722,2.938326,3.391672,3.747087,3.638732,3.699767,3.828798,3.890740,3.747087
0.5,0.8,2.6,16,60,1,-18.7241,2.4041,3.85548,1.45139,3.48928,1.6689,0.694191,0.599196,0.625891,0.566902,0.568652,2.81417,1.29313,1.16408,0.0384371,0,2,0.389844,3.69723,3.69723,3.85548,normal,-0.158255,1.03959,1.30139,4.8082,6.10133,2.0966,-2.35619,0,nan,nan,nan,3.01604,1.87003,3.2809,1.64045,1.21008,0.573003,0.573003,0.114246,0.482692,1,nan,0,1,1,1,0,0,-1,28.2699,2.404098,2.578326,3.000822,3.482547,3.855485,3.697230,3.766384,3.914741,3.996093,3.855485
0.6,0.8,2.1,16,60,1,-17.0211,2.47345,3.44646,0.973008,2.40669,2.78434,1.12569,0.359152,0.418534,0.361461,0.362438,2.72731,1.06945,0.914371,0.110171,1,0,0.59406,3.44646,3.5429,3.44646,inverted,0.0964425,0.870934,1.33872,4.9469,6.01635,2.24908,3.14159,1,4.6662,-1,nan,2.55853,1.48252,2.80731,1.40365,1.0625,0.538004,0.538004,0.186812,0.388371,1,nan,1,1,1,1,0,0,-1,25.924,2.473449,2.579385,2.847769,3.171993,3.446458,3.542900,3.568946,3.613872,3.596236,3.446458
0.6,0.8,2.2,16,60,1,-17.4413,2.49726,3.54967,1.05241,2.62815,2.53303,1.01432,0.394784,0.452898,0.394128,0.3952,2.77515,1.1161,0.963219,0.0891697,1,0,0.55569,3.54967,3.61337,3.54967,inverted,0.0636931,0.908642,1.33502,4.99453,6.11063,2.26278,-2.35619,1,4.74123,-1,nan,2.62876,1.53977,2.88094,1.44047,1.08679,0.544495,0.544495,0.173937,0.401537,1,nan,1,1,1,1,0,0,-1,23.9876,2.497264,2.613498,2.906271,3.256986,3.549674,3.613367,3.645826,3.706025,3.701388,3.549674
0.6,0.8,2.3,16,60,1,-17.8666,2.52062,3.65391,1.13329,2.85659,2.31549,0.91862,0.431873,0.487976,0.427685,0.428858,2.82334,1.16035,1.01213,0.0690327,1,0,0.519225,3.65391,3.68097,3.65391,inverted,0.0270651,0.944022,1.33194,5.04124,6.2016,2.26988,-2.35619,1,4.81534,-1,nan,2.69662,1.59456,2.95194,1.47597,1.11036,0.551032,0.551032,0.162396,0.414527,1,nan,1,1,1,1,0,0,-1,55.2464,2.520622,2.647541,2.965389,3.343049,3.653909,3.680974,3.720203,3.796690,3.806559,3.653909
0.6,0.8,2.4,16,60,1,-18.2964,2.54354,3.75905,1.21551,3.0917,2.1259,0.835806,0.470388,0.52371,0.46207,0.463354,2.87186,1.20236,1.06109,0.0507102,0,1,0.484904,3.7459,3.7459,3.75905,normal,-0.0131487,0.977166,1.32948,5.08708,6.28944,2.27651,-2.35619,1,4.88841,-1,nan,2.76222,1.64703,3.02045,1.51022,1.13326,0.557593,0.557593,0.152022,0.427347,1,nan,0,1,1,1,0,0,-1,25.2584,2.543538,2.681518,3.025084,3.430092,3.759048,3.745899,3.792219,3.885882,3.911647,3.759048
0.6,0.8,2.5,16,60,1,-18.7303,2.56602,3.86499,1.29896,3.33317,1.95964,0.763688,0.510297,0.560041,0.497228,0.498631,2.9207,1.2423,1.1101,0.0368485,0,2,0.45284,3.80833,3.80833,3.86499,normal,-0.0566627,1.00819,1.32759,5.13205,6.37435,2.28272,-2.35619,1,4.96035,-1,nan,2.82564,1.69733,3.08659,1.54329,1.15549,0.564157,0.564157,0.142671,0.440001,1,nan,0,1,1,1,0,0,-1,28.1032,2.566025,2.715433,3.085321,3.518037,3.864988,3.808325,3.862032,3.973639,4.016569,3.864988
0.6,0.8,2.6,16,60,1,-19.1681,2.5881,3.97164,1.38354,3.58074,1.813,0.700515,0.551571,0.596918,0.533107,0.534639,2.96984,1.28033,1.15913,0.0333334,0,2,0.42305,3.86843,3.86843,3.97164,normal,-0.103206,1.03722,1.32626,5.1762,6.45653,2.28854,-2.35619,1,5.0311,-1,nan,2.887,1.74558,3.15049,1.57524,1.17711,0.57071,0.57071,0.134219,0.452495,1,nan,0,1,1,1,0,0,-1,33.0309,2.588099,2.749289,3.146066,3.606811,3.971639,3.868433,3.929803,4.060024,4.121261,3.971639
0.7,0.8,2.2,16,60,1,-17.9479,2.68218,3.67874,0.99656,2.67295,2.75122,1.02574,0.363475,0.429359,0.368406,0.369378,2.94003,1.09425,0.958147,0.0811579,1,0,0.591557,3.67874,3.77643,3.67874,inverted,0.0976934,0.894268,1.36087,5.36436,6.45861,2.44724,3.14159,1,4.91198,-1,nan,2.50936,1.4245,2.75852,1.37926,1.05454,0.542428,0.542428,0.200988,0.377797,1,nan,1,1,1,1,0,0,-1,43.2013,2.682179,2.789559,3.062989,3.395577,3.678739,3.776432,3.803599,3.850831,3.833430,3.678739
0.7,0.8,2.3,16,60,1,-18.3626,2.70547,3.78071,1.07523,2.90902,2.51179,0.928411,0.398122,0.463442,0.400563,0.401623,2.98683,1.14017,1.00708,0.0630046,1,0,0.554434,3.78071,3.84564,3.78071,inverted,0.0649348,0.931713,1.35691,5.41095,6.55112,2.45992,3.14159,1,4.98541,-1,nan,2.57696,1.47922,2.82963,1.41481,1.07829,0.548868,0.548868,0.187819,0.390111,1,nan,1,1,1,1,0,0,-1,61.1078,2.705474,2.822895,3.120313,3.479245,3.780707,3.845642,3.879190,3.941701,3.937373,3.780707
0.7,0.8,2.4,16,60,1,-18.7823,2.72834,3.88372,1.15538,3.15227,2.30337,0.844239,0.434146,0.498235,0.433594,0.434748,3.03398,1.1838,1.05608,0.0462807,1,0,0.519116,3.88372,3.91214,3.88372,inverted,0.0284186,0.966936,1.35354,5.45668,6.64048,2.47043,-2.35619,1,5.05801,-1,nan,2.64249,1.53179,2.89839,1.4492,1.10138,0.555349,0.555349,0.175929,0.402277,1,nan,1,1,1,1,0,0,-1,54.3579,2.728339,2.856170,3.178249,3.563986,3.883721,3.912140,3.952405,4.031171,4.041390,3.883721
0.7,0.8,2.5,16,60,1,-19.2066,2.75079,3.98767,1.23688,3.4024,2.12081,0.770982,0.471519,0.533678,0.467444,0.468699,3.08147,1.2253,1.10513,0.0332064,0,1,0.485821,3.97609,3.97609,3.98767,normal,-0.011582,1.00002,1.35072,5.50157,6.72687,2.47643,-2.35619,1,5.12965,-1,nan,2.70601,1.58231,2.96492,1.48246,1.12385,0.56185,0.56185,0.165169,0.414298,1,nan,0,1,1,1,0,0,-1,55.985,2.750786,2.889388,3.236760,3.649717,3.987670,3.976088,4.023372,4.119252,4.145377,3.987670
0.7,0.8,2.6,16,60,1,-19.6351,2.77283,4.09246,1.31963,3.6591,1.95997,0.706849,0.510212,0.569719,0.502062,0.503426,3.12927,1.26483,1.15421,0.0291315,0,2,0.454654,4.03766,4.03766,4.09246,normal,-0.0547994,1.03107,1.34846,5.54566,6.81049,2.482,-2.35619,1,5.20024,-1,nan,2.7676,1.63089,3.02932,1.51466,1.14571,0.568354,0.568354,0.155411,0.426178,1,nan,0,1,1,1,0,0,-1,28.8995,2.772828,2.922550,3.295812,3.736364,4.092457,4.037657,4.092235,4.205974,4.249252,4.092457
0.2,1.1,2.2,16,60,1,-17.4753,2.08409,3.25063,1.16653,2.43117,2.13002,1.02204,0.469479,0.497448,0.447776,0.449243,2.40676,1.26415,0.957926,0.120586,1,0,0.579113,3.25063,3.34825,3.25063,inverted,0.0976197,1.00749,1.552,4.16819,5.43234,1.83681,-2.35619,0,nan,nan,nan,2.89022,1.8663,3.13532,1.56766,1.11412,0.511961,0.511961,0.113195,0.463397,1,nan,1,1,1,1,0,0,-1,24.4027,2.084094,2.220868,2.554423,2.938479,3.250628,3.348248,3.379534,3.432847,3.415930,3.250628
0.2,1.1,2.3,16,60,1,-17.9254,2.11101,3.36027,1.24926,2.6372,1.95532,0.926246,0.511426,0.533143,0.483039,0.484655,2.46069,1.31333,1.00616,0.0943185,1,0,0.544717,3.36027,3.42434,3.36027,inverted,0.064071,1.04533,1.55594,4.22203,5.53536,1.84871,-2.35619,0,nan,nan,nan,2.95164,1.91796,3.1987,1.59935,1.13363,0.516843,0.516843,0.105823,0.477383,1,nan,1,1,1,1,0,0,-1,21.7777,2.111014,2.259659,2.619699,3.030644,3.360271,3.424342,3.462491,3.531168,3.527096,3.360271
0.2,1.1,2.4,16,60,1,-18.3789,2.13747,3.47048,1.33302,2.84928,1.80236,0.843224,0.554827,0.569383,0.518975,0.52075,2.51487,1.36016,1.05445,0.0704257,1,0,0.511833,3.47048,3.49762,3.47048,inverted,0.0271416,1.08103,1.56012,4.27493,5.63509,1.86024,-2.35619,0,nan,nan,nan,3.01058,1.96703,3.25949,1.62975,1.15253,0.521774,0.521774,0.09925,0.491127,1,nan,1,1,1,1,0,0,-1,23.7407,2.137467,2.298345,2.685405,3.123507,3.470483,3.497625,3.543072,3.627991,3.638010,3.470483
0.2,1.1,2.5,16,60,1,-18.8353,2.16347,3.58119,1.41773,3.0672,1.66764,0.770818,0.59965,0.606127,0.555532,0.557477,2.56926,1.40478,1.1028,0.0515006,0,1,0.480617,3.56825,3.56825,3.58119,normal,-0.0129463,1.11471,1.56452,4.32693,5.73171,1.87143,-2.35619,0,nan,nan,nan,3.0672,2.01373,3.31786,1.65893,1.17086,0.526738,0.526738,0.0933652,0.504641,1,nan,0,1,1,1,0,0,-1,19.3747,2.163467,2.336929,2.751507,3.217004,3.581192,3.568246,3.621416,3.723348,3.748620,3.581192
0.2,1.1,2.6,16,60,1,-19.2943,2.18903,3.69233,1.5033,3.29078,1.54831,0.707305,0.645865,0.643341,0.592665,0.594789,2.62386,1.44733,1.1512,0.0435644,0,2,0.451153,3.63636,3.63636,3.69233,normal,-0.0559778,1.14647,1.56916,4.37806,5.82539,1.88231,-2.35619,0,nan,nan,nan,3.12166,2.05822,3.37399,1.687,1.18865,0.531722,0.531722,0.088076,0.517934,1,nan,0,1,1,1,0,0,-1,19.5731,2.189029,2.375414,2.817975,3.311078,3.692334,3.636356,3.697669,3.817289,3.858888,3.692334
0.3,1.1,2.4,16,60,1,-18.8045,2.31804,3.58218,1.26414,2.93032,1.9779,0.853262,0.505587,0.540169,0.484706,0.486246,2.66647,1.34541,1.04872,0.0635585,1,0,0.56032,3.58218,3.66345,3.58218,inverted,0.0812712,1.07589,1.62675,4.63609,5.9815,2.04836,-2.35619,0,nan,nan,nan,2.86873,1.8268,3.11648,1.55824,1.11921,0.520966,0.520966,0.119554,0.457434,1,nan,1,1,1,1,0,0,-1,22.0466,2.318044,2.465516,2.826460,3.243612,3.582180,3.663452,3.700309,3.766217,3.756926,3.582180
0.3,1.1,2.5,16,60,1,-19.2518,2.34402,3.69118,1.34715,3.15776,1.82724,0.779533,0.547272,0.576059,0.520045,0.52173,2.71942,1.39272,1.09713,0.0459895,1,0,0.528442,3.69118,3.73675,3.69118,inverted,0.0455699,1.11234,1.62835,4.68805,6.08077,2.05907,-2.35619,0,nan,nan,nan,2.92668,1.87496,3.1764,1.5882,1.13802,0.525858,0.525858,0.112325,0.470304,1,nan,1,1,1,1,0,0,-1,22.0967,2.344024,2.503319,2.890790,3.335037,3.691179,3.736749,3.780595,3.862481,3.866941,3.691179
0.3,1.1,2.6,16,60,1,-19.7024,2.36958,3.80074,1.43116,3.39124,1.69403,0.71491,0.590307,0.612459,0.556025,0.557863,2.7726,1.43791,1.14559,0.0377569,0,1,0.498049,3.80074,3.80749,3.80074,inverted,0.00675302,1.1468,1.63031,4.73915,6.17707,2.06943,-2.35619,0,nan,nan,nan,2.98252,1.92096,3.2341,1.61705,1.15629,0.530782,0.530782,0.105816,0.482978,1,nan,0,1,1,1,0,0,-1,25.0373,2.369576,2.541032,2.955538,3.427141,3.800737,3.807490,3.858693,3.957347,3.976721,3.800737
0.4,1.1,2.5,16,60,1,-19.6941,2.52547,3.80632,1.28085,3.23475,1.99062,0.788216,0.502357,0.54803,0.487547,0.489032,2.87391,1.37523,1.0915,0.0415015,1,0,0.570764,3.80632,3.9007,3.80632,inverted,0.0943772,1.10438,1.68486,5.05094,6.42617,2.24867,-2.35619,0,nan,nan,nan,2.79687,1.74713,3.04514,1.52257,1.10669,0.524869,0.524869,0.132834,0.440686,1,nan,1,1,1,1,0,0,-1,26.5593,2.525472,2.672425,3.035210,3.458964,3.806321,3.900698,3.936980,4.001386,3.988227,3.806321
0.4,1.1,2.6,16,60,1,-20.1358,2.551,3.91414,1.36315,3.47738,1.84306,0.722486,0.542577,0.583599,0.522324,0.52394,2.92573,1.42271,1.14002,0.0330614,1,0,0.539797,3.91414,3.97371,3.91414,inverted,0.059564,1.14135,1.68458,5.10199,6.5247,2.25865,-2.35619,0,nan,nan,nan,2.85361,1.79416,3.10397,1.55199,1.12534,0.529726,0.529726,0.125049,0.452775,1,nan,1,1,1,1,0,0,-1,26.9385,2.550996,2.709411,3.098264,3.549029,3.914143,3.973707,4.016782,4.096964,4.097315,3.914143
